trade_id,portfolio_id,trade_date,ticker,side,quantity,price
TR00001,PF01,2023-06-14,BBB,BUY,86,124.93
TR00002,PF01,2023-05-29,DDD,BUY,145,52.95
TR00003,PF01,2023-08-02,AAA,SELL,130,113.11
TR00004,PF01,2024-02-09,DDD,SELL,15,62.44
TR00005,PF01,2023-02-21,DDD,BUY,86,52.07
TR00006,PF01,2024-03-22,DDD,BUY,42,58.27
TR00007,PF01,2024-12-16,CCC,BUY,34,26.0
TR00008,PF01,2024-05-30,DDD,BUY,139,62.21
TR00009,PF01,2023-02-17,BBB,BUY,20,96.78
TR00010,PF01,2024-08-15,BBB,BUY,44,170.14
TR00011,PF01,2024-03-14,DDD,BUY,145,57.09
TR00012,PF01,2023-05-23,CCC,SELL,54,35.83
TR00013,PF01,2023-10-23,BBB,BUY,41,138.37
TR00014,PF01,2024-12-25,AAA,BUY,26,139.97
TR00015,PF01,2024-09-02,AAA,SELL,38,176.32
TR00016,PF01,2023-10-17,CCC,SELL,24,34.86
TR00017,PF01,2024-09-04,AAA,BUY,11,179.02
TR00018,PF01,2024-04-22,CCC,SELL,50,30.9
TR00019,PF01,2024-10-23,DDD,BUY,61,59.21
TR00020,PF01,2024-11-04,CCC,BUY,134,25.45
TR00021,PF01,2024-08-26,BBB,SELL,137,164.46
TR00022,PF01,2023-11-02,BBB,BUY,123,143.1
TR00023,PF01,2023-08-17,CCC,BUY,108,35.82
TR00024,PF01,2024-10-18,CCC,SELL,47,24.95
TR00025,PF01,2024-12-12,DDD,SELL,141,57.04
TR00026,PF01,2024-09-09,ETF-MKT,BUY,87,132.96
TR00027,PF01,2023-08-24,ETF-MKT,BUY,96,110.02
TR00028,PF01,2023-05-30,BBB,SELL,144,125.86
TR00029,PF01,2024-02-23,AAA,SELL,28,136.89
TR00030,PF01,2024-02-12,CCC,BUY,72,35.28
TR00031,PF01,2023-04-13,CCC,SELL,103,35.06
TR00032,PF01,2023-03-06,BBB,BUY,49,93.04
TR00033,PF01,2023-06-08,DDD,SELL,55,53.83
TR00034,PF01,2024-01-23,ETF-MKT,BUY,145,100.72
TR00035,PF01,2024-08-30,ETF-MKT,BUY,20,133.59
TR00036,PF01,2023-06-20,BBB,SELL,13,130.57
TR00037,PF01,2023-10-13,ETF-MKT,BUY,139,106.2
TR00038,PF01,2024-12-27,DDD,SELL,125,62.66
TR00039,PF01,2023-10-25,AAA,SELL,12,114.52
TR00040,PF01,2024-05-20,ETF-MKT,BUY,93,103.79
TR00041,PF01,2024-08-19,BBB,BUY,60,162.49
TR00042,PF01,2023-07-17,DDD,BUY,77,51.93
TR00043,PF01,2023-01-20,DDD,SELL,68,55.58
TR00044,PF01,2023-01-23,CCC,BUY,26,41.57
TR00045,PF01,2024-07-31,CCC,SELL,70,26.66
TR00046,PF01,2023-08-29,DDD,SELL,118,60.51
TR00047,PF01,2024-08-19,ETF-MKT,SELL,140,130.69
TR00048,PF01,2024-02-14,DDD,BUY,122,63.49
TR00049,PF01,2024-12-23,CCC,SELL,64,25.46
TR00050,PF01,2023-08-28,CCC,SELL,108,36.5
TR00051,PF01,2023-02-16,DDD,SELL,109,51.93
TR00052,PF01,2023-12-01,AAA,BUY,51,117.85
TR00053,PF01,2024-02-28,BBB,BUY,15,145.65
TR00054,PF01,2024-07-17,AAA,SELL,77,166.24
TR00055,PF01,2023-12-01,DDD,SELL,60,53.31
TR00056,PF01,2023-01-10,ETF-MKT,BUY,134,106.67
TR00057,PF01,2023-01-17,DDD,SELL,136,56.04
TR00058,PF01,2024-09-20,DDD,SELL,99,55.76
TR00059,PF01,2023-11-02,AAA,BUY,136,116.24
TR00060,PF01,2023-11-21,ETF-MKT,BUY,88,107.2
TR00061,PF01,2024-10-02,BBB,SELL,139,168.33
TR00062,PF01,2024-11-05,CCC,BUY,116,25.59
TR00063,PF01,2023-12-15,DDD,BUY,50,57.64
TR00064,PF01,2023-09-22,CCC,SELL,23,34.75
TR00065,PF01,2023-09-25,CCC,BUY,118,34.76
TR00066,PF01,2024-02-27,BBB,BUY,102,147.19
TR00067,PF01,2023-07-31,AAA,BUY,15,111.39
TR00068,PF01,2024-01-31,DDD,BUY,93,61.37
TR00069,PF01,2024-05-24,AAA,BUY,145,172.49
TR00070,PF01,2023-12-04,BBB,SELL,53,132.61
TR00071,PF01,2023-06-09,AAA,SELL,16,133.6
TR00072,PF01,2024-10-16,ETF-MKT,SELL,146,129.65
TR00073,PF01,2024-11-14,DDD,SELL,110,56.52
TR00074,PF01,2024-08-22,DDD,BUY,102,58.55
TR00075,PF01,2024-04-19,CCC,SELL,52,30.97
TR00076,PF01,2024-04-22,CCC,SELL,57,30.9
TR00077,PF01,2023-07-20,DDD,SELL,86,52.32
TR00078,PF01,2023-07-17,AAA,SELL,53,116.14
TR00079,PF01,2023-08-14,ETF-MKT,SELL,109,114.15
TR00080,PF01,2023-12-11,AAA,SELL,28,114.95
TR00081,PF01,2023-05-15,AAA,BUY,148,129.21
TR00082,PF01,2024-01-31,ETF-MKT,BUY,128,102.37
TR00083,PF01,2023-10-26,BBB,BUY,15,143.48
TR00084,PF01,2024-01-24,BBB,SELL,132,153.73
TR00085,PF01,2023-06-14,BBB,BUY,106,124.93
TR00086,PF01,2023-01-31,CCC,BUY,44,39.17
TR00087,PF01,2023-11-20,DDD,SELL,145,53.09
TR00088,PF01,2024-11-11,BBB,BUY,59,173.54
TR00089,PF01,2023-11-13,DDD,BUY,10,52.9
TR00090,PF01,2023-06-21,CCC,SELL,11,34.61
TR00091,PF01,2024-04-22,ETF-MKT,BUY,147,99.37
TR00092,PF01,2023-11-21,DDD,SELL,23,52.81
TR00093,PF01,2023-10-25,AAA,SELL,15,114.52
TR00094,PF01,2023-07-26,CCC,SELL,126,32.04
TR00095,PF01,2024-08-20,DDD,BUY,20,58.71
TR00096,PF01,2024-06-24,AAA,SELL,69,170.45
TR00097,PF01,2024-03-14,ETF-MKT,SELL,74,101.67
TR00098,PF01,2024-05-10,DDD,SELL,105,59.1
TR00099,PF01,2024-03-28,AAA,SELL,106,147.67
TR00100,PF01,2024-03-11,AAA,SELL,125,136.84
TR00101,PF01,2023-02-14,DDD,SELL,90,53.24
TR00102,PF01,2024-12-18,DDD,BUY,122,60.42
TR00103,PF01,2023-11-07,AAA,BUY,48,112.41
TR00104,PF01,2024-05-16,CCC,SELL,31,29.17
TR00105,PF01,2024-03-22,DDD,SELL,83,58.27
TR00106,PF01,2023-07-12,BBB,SELL,41,126.93
TR00107,PF01,2024-12-25,ETF-MKT,SELL,69,139.64
TR00108,PF01,2023-05-29,ETF-MKT,SELL,92,108.17
TR00109,PF01,2024-11-14,DDD,SELL,37,56.52
TR00110,PF01,2023-02-17,DDD,SELL,134,51.08
TR00111,PF01,2023-07-26,CCC,BUY,91,32.04
TR00112,PF01,2023-01-17,BBB,BUY,88,87.65
TR00113,PF01,2023-06-26,ETF-MKT,BUY,24,118.05
TR00114,PF01,2023-06-21,ETF-MKT,SELL,25,119.01
TR00115,PF01,2023-09-12,AAA,BUY,146,112.66
TR00116,PF01,2024-02-22,ETF-MKT,SELL,56,99.07
TR00117,PF01,2024-09-05,AAA,SELL,76,183.23
TR00118,PF01,2024-07-30,BBB,SELL,16,158.72
TR00119,PF01,2023-03-07,BBB,BUY,98,94.5
TR00120,PF01,2024-08-02,DDD,SELL,102,57.89
