date,ticker,close_price
2023-01-02,AAA,120.0
2023-01-03,AAA,118.93
2023-01-04,AAA,117.98
2023-01-05,AAA,118.09
2023-01-06,AAA,119.91
2023-01-09,AAA,120.01
2023-01-10,AAA,120.68
2023-01-11,AAA,120.97
2023-01-12,AAA,121.29
2023-01-13,AAA,121.07
2023-01-16,AAA,121.01
2023-01-17,AAA,117.73
2023-01-18,AAA,116.85
2023-01-19,AAA,117.73
2023-01-20,AAA,119.94
2023-01-23,AAA,121.62
2023-01-24,AAA,121.23
2023-01-25,AAA,121.68
2023-01-26,AAA,123.81
2023-01-27,AAA,123.77
2023-01-30,AAA,123.0
2023-01-31,AAA,120.98
2023-02-01,AAA,118.96
2023-02-02,AAA,118.05
2023-02-03,AAA,120.25
2023-02-06,AAA,121.61
2023-02-07,AAA,120.72
2023-02-08,AAA,123.66
2023-02-09,AAA,124.99
2023-02-10,AAA,122.31
2023-02-13,AAA,120.96
2023-02-14,AAA,122.18
2023-02-15,AAA,125.3
2023-02-16,AAA,126.23
2023-02-17,AAA,126.88
2023-02-20,AAA,126.61
2023-02-21,AAA,126.03
2023-02-22,AAA,125.22
2023-02-23,AAA,125.17
2023-02-24,AAA,124.83
2023-02-27,AAA,125.27
2023-02-28,AAA,125.18
2023-03-01,AAA,127.8
2023-03-02,AAA,128.14
2023-03-03,AAA,130.51
2023-03-06,AAA,130.58
2023-03-07,AAA,129.76
2023-03-08,AAA,128.74
2023-03-09,AAA,126.77
2023-03-10,AAA,131.13
2023-03-13,AAA,134.31
2023-03-14,AAA,135.43
2023-03-15,AAA,135.14
2023-03-16,AAA,135.83
2023-03-17,AAA,137.16
2023-03-20,AAA,139.86
2023-03-21,AAA,138.08
2023-03-22,AAA,136.77
2023-03-23,AAA,135.06
2023-03-24,AAA,134.69
2023-03-27,AAA,136.55
2023-03-28,AAA,132.74
2023-03-29,AAA,132.65
2023-03-30,AAA,127.42
2023-03-31,AAA,126.1
2023-04-03,AAA,126.35
2023-04-04,AAA,125.01
2023-04-05,AAA,124.32
2023-04-06,AAA,129.73
2023-04-07,AAA,131.86
2023-04-10,AAA,134.45
2023-04-11,AAA,132.43
2023-04-12,AAA,131.13
2023-04-13,AAA,130.45
2023-04-14,AAA,126.46
2023-04-17,AAA,126.97
2023-04-18,AAA,130.67
2023-04-19,AAA,130.07
2023-04-20,AAA,130.85
2023-04-21,AAA,127.54
2023-04-24,AAA,129.89
2023-04-25,AAA,131.94
2023-04-26,AAA,130.02
2023-04-27,AAA,131.05
2023-04-28,AAA,130.66
2023-05-01,AAA,131.46
2023-05-02,AAA,130.84
2023-05-03,AAA,134.11
2023-05-04,AAA,133.39
2023-05-05,AAA,132.73
2023-05-08,AAA,131.28
2023-05-09,AAA,131.23
2023-05-10,AAA,129.55
2023-05-11,AAA,130.21
2023-05-12,AAA,128.15
2023-05-15,AAA,129.21
2023-05-16,AAA,129.08
2023-05-17,AAA,129.36
2023-05-18,AAA,127.58
2023-05-19,AAA,127.62
2023-05-22,AAA,127.37
2023-05-23,AAA,126.67
2023-05-24,AAA,128.65
2023-05-25,AAA,129.37
2023-05-26,AAA,129.52
2023-05-29,AAA,131.32
2023-05-30,AAA,129.68
2023-05-31,AAA,131.41
2023-06-01,AAA,131.62
2023-06-02,AAA,131.18
2023-06-05,AAA,131.63
2023-06-06,AAA,134.09
2023-06-07,AAA,130.71
2023-06-08,AAA,134.04
2023-06-09,AAA,133.6
2023-06-12,AAA,130.04
2023-06-13,AAA,130.11
2023-06-14,AAA,126.28
2023-06-15,AAA,124.69
2023-06-16,AAA,121.23
2023-06-19,AAA,115.46
2023-06-20,AAA,113.05
2023-06-21,AAA,111.7
2023-06-22,AAA,113.15
2023-06-23,AAA,112.75
2023-06-26,AAA,110.33
2023-06-27,AAA,111.22
2023-06-28,AAA,111.28
2023-06-29,AAA,111.53
2023-06-30,AAA,109.02
2023-07-03,AAA,106.47
2023-07-04,AAA,107.24
2023-07-05,AAA,108.28
2023-07-06,AAA,109.23
2023-07-07,AAA,109.28
2023-07-10,AAA,111.54
2023-07-11,AAA,111.94
2023-07-12,AAA,112.75
2023-07-13,AAA,114.39
2023-07-14,AAA,115.79
2023-07-17,AAA,116.14
2023-07-18,AAA,114.89
2023-07-19,AAA,114.14
2023-07-20,AAA,114.4
2023-07-21,AAA,113.04
2023-07-24,AAA,113.15
2023-07-25,AAA,113.52
2023-07-26,AAA,112.65
2023-07-27,AAA,114.18
2023-07-28,AAA,113.47
2023-07-31,AAA,111.39
2023-08-01,AAA,111.1
2023-08-02,AAA,113.11
2023-08-03,AAA,111.64
2023-08-04,AAA,108.43
2023-08-07,AAA,109.24
2023-08-08,AAA,107.93
2023-08-09,AAA,108.09
2023-08-10,AAA,105.29
2023-08-11,AAA,104.85
2023-08-14,AAA,103.5
2023-08-15,AAA,101.77
2023-08-16,AAA,101.72
2023-08-17,AAA,101.07
2023-08-18,AAA,99.72
2023-08-21,AAA,102.11
2023-08-22,AAA,102.63
2023-08-23,AAA,103.5
2023-08-24,AAA,105.71
2023-08-25,AAA,104.95
2023-08-28,AAA,104.88
2023-08-29,AAA,106.68
2023-08-30,AAA,109.6
2023-08-31,AAA,110.41
2023-09-01,AAA,109.04
2023-09-04,AAA,108.01
2023-09-05,AAA,108.84
2023-09-06,AAA,111.04
2023-09-07,AAA,112.42
2023-09-08,AAA,111.34
2023-09-11,AAA,111.5
2023-09-12,AAA,112.66
2023-09-13,AAA,112.2
2023-09-14,AAA,112.92
2023-09-15,AAA,113.75
2023-09-18,AAA,115.42
2023-09-19,AAA,114.9
2023-09-20,AAA,116.12
2023-09-21,AAA,116.42
2023-09-22,AAA,118.29
2023-09-25,AAA,116.95
2023-09-26,AAA,115.94
2023-09-27,AAA,114.49
2023-09-28,AAA,115.13
2023-09-29,AAA,114.51
2023-10-02,AAA,111.65
2023-10-03,AAA,113.94
2023-10-04,AAA,114.13
2023-10-05,AAA,115.95
2023-10-06,AAA,116.36
2023-10-09,AAA,116.76
2023-10-10,AAA,116.69
2023-10-11,AAA,118.47
2023-10-12,AAA,119.07
2023-10-13,AAA,120.24
2023-10-16,AAA,119.41
2023-10-17,AAA,117.1
2023-10-18,AAA,116.31
2023-10-19,AAA,114.8
2023-10-20,AAA,113.6
2023-10-23,AAA,112.89
2023-10-24,AAA,114.38
2023-10-25,AAA,114.52
2023-10-26,AAA,113.98
2023-10-27,AAA,115.59
2023-10-30,AAA,113.27
2023-10-31,AAA,115.82
2023-11-01,AAA,116.95
2023-11-02,AAA,116.24
2023-11-03,AAA,114.88
2023-11-06,AAA,112.75
2023-11-07,AAA,112.41
2023-11-08,AAA,112.12
2023-11-09,AAA,112.5
2023-11-10,AAA,113.12
2023-11-13,AAA,112.69
2023-11-14,AAA,112.2
2023-11-15,AAA,109.18
2023-11-16,AAA,108.28
2023-11-17,AAA,108.77
2023-11-20,AAA,109.93
2023-11-21,AAA,109.85
2023-11-22,AAA,109.96
2023-11-23,AAA,112.51
2023-11-24,AAA,114.67
2023-11-27,AAA,111.47
2023-11-28,AAA,115.8
2023-11-29,AAA,115.2
2023-11-30,AAA,116.0
2023-12-01,AAA,117.85
2023-12-04,AAA,118.25
2023-12-05,AAA,116.75
2023-12-06,AAA,114.46
2023-12-07,AAA,113.16
2023-12-08,AAA,112.59
2023-12-11,AAA,114.95
2023-12-12,AAA,116.11
2023-12-13,AAA,113.27
2023-12-14,AAA,110.27
2023-12-15,AAA,112.2
2023-12-18,AAA,110.77
2023-12-19,AAA,112.83
2023-12-20,AAA,113.56
2023-12-21,AAA,112.7
2023-12-22,AAA,115.29
2023-12-25,AAA,115.44
2023-12-26,AAA,115.88
2023-12-27,AAA,118.51
2023-12-28,AAA,116.38
2023-12-29,AAA,117.54
2024-01-01,AAA,115.01
2024-01-02,AAA,118.89
2024-01-03,AAA,116.28
2024-01-04,AAA,119.7
2024-01-05,AAA,120.47
2024-01-08,AAA,121.37
2024-01-09,AAA,121.93
2024-01-10,AAA,121.38
2024-01-11,AAA,119.31
2024-01-12,AAA,119.35
2024-01-15,AAA,121.2
2024-01-16,AAA,124.73
2024-01-17,AAA,127.63
2024-01-18,AAA,127.3
2024-01-19,AAA,128.7
2024-01-22,AAA,128.8
2024-01-23,AAA,127.82
2024-01-24,AAA,129.26
2024-01-25,AAA,124.66
2024-01-26,AAA,123.61
2024-01-29,AAA,127.55
2024-01-30,AAA,129.55
2024-01-31,AAA,131.07
2024-02-01,AAA,134.69
2024-02-02,AAA,135.53
2024-02-05,AAA,137.07
2024-02-06,AAA,137.6
2024-02-07,AAA,136.74
2024-02-08,AAA,140.07
2024-02-09,AAA,137.45
2024-02-12,AAA,136.53
2024-02-13,AAA,136.17
2024-02-14,AAA,132.69
2024-02-15,AAA,132.06
2024-02-16,AAA,136.03
2024-02-19,AAA,135.4
2024-02-20,AAA,134.56
2024-02-21,AAA,136.61
2024-02-22,AAA,135.27
2024-02-23,AAA,136.89
2024-02-26,AAA,136.32
2024-02-27,AAA,136.38
2024-02-28,AAA,134.07
2024-02-29,AAA,133.45
2024-03-01,AAA,134.34
2024-03-04,AAA,133.31
2024-03-05,AAA,133.1
2024-03-06,AAA,136.94
2024-03-07,AAA,137.74
2024-03-08,AAA,136.85
2024-03-11,AAA,136.84
2024-03-12,AAA,140.67
2024-03-13,AAA,139.8
2024-03-14,AAA,139.77
2024-03-15,AAA,140.1
2024-03-18,AAA,141.74
2024-03-19,AAA,141.24
2024-03-20,AAA,142.59
2024-03-21,AAA,143.23
2024-03-22,AAA,144.11
2024-03-25,AAA,143.68
2024-03-26,AAA,146.6
2024-03-27,AAA,147.48
2024-03-28,AAA,147.67
2024-03-29,AAA,146.38
2024-04-01,AAA,145.19
2024-04-02,AAA,145.65
2024-04-03,AAA,147.05
2024-04-04,AAA,149.29
2024-04-05,AAA,149.9
2024-04-08,AAA,149.8
2024-04-09,AAA,149.58
2024-04-10,AAA,148.36
2024-04-11,AAA,145.36
2024-04-12,AAA,146.87
2024-04-15,AAA,146.7
2024-04-16,AAA,145.9
2024-04-17,AAA,145.71
2024-04-18,AAA,152.58
2024-04-19,AAA,154.45
2024-04-22,AAA,153.3
2024-04-23,AAA,154.6
2024-04-24,AAA,150.98
2024-04-25,AAA,152.27
2024-04-26,AAA,151.18
2024-04-29,AAA,152.28
2024-04-30,AAA,154.83
2024-05-01,AAA,155.05
2024-05-02,AAA,155.55
2024-05-03,AAA,162.52
2024-05-06,AAA,166.77
2024-05-07,AAA,165.0
2024-05-08,AAA,168.52
2024-05-09,AAA,170.82
2024-05-10,AAA,170.45
2024-05-13,AAA,171.18
2024-05-14,AAA,167.58
2024-05-15,AAA,171.31
2024-05-16,AAA,169.16
2024-05-17,AAA,165.62
2024-05-20,AAA,171.26
2024-05-21,AAA,174.56
2024-05-22,AAA,176.1
2024-05-23,AAA,175.03
2024-05-24,AAA,172.49
2024-05-27,AAA,174.34
2024-05-28,AAA,176.22
2024-05-29,AAA,176.74
2024-05-30,AAA,177.69
2024-05-31,AAA,179.94
2024-06-03,AAA,178.42
2024-06-04,AAA,180.76
2024-06-05,AAA,179.14
2024-06-06,AAA,177.25
2024-06-07,AAA,177.51
2024-06-10,AAA,173.08
2024-06-11,AAA,170.76
2024-06-12,AAA,174.23
2024-06-13,AAA,170.37
2024-06-14,AAA,168.83
2024-06-17,AAA,170.72
2024-06-18,AAA,172.56
2024-06-19,AAA,172.57
2024-06-20,AAA,173.8
2024-06-21,AAA,173.26
2024-06-24,AAA,170.45
2024-06-25,AAA,169.05
2024-06-26,AAA,170.48
2024-06-27,AAA,172.84
2024-06-28,AAA,171.66
2024-07-01,AAA,173.6
2024-07-02,AAA,168.71
2024-07-03,AAA,167.38
2024-07-04,AAA,170.53
2024-07-05,AAA,168.81
2024-07-08,AAA,167.62
2024-07-09,AAA,168.47
2024-07-10,AAA,169.85
2024-07-11,AAA,172.85
2024-07-12,AAA,171.51
2024-07-15,AAA,167.04
2024-07-16,AAA,163.33
2024-07-17,AAA,166.24
2024-07-18,AAA,165.84
2024-07-19,AAA,168.58
2024-07-22,AAA,164.68
2024-07-23,AAA,166.78
2024-07-24,AAA,165.56
2024-07-25,AAA,169.69
2024-07-26,AAA,169.59
2024-07-29,AAA,170.43
2024-07-30,AAA,173.83
2024-07-31,AAA,174.83
2024-08-01,AAA,177.69
2024-08-02,AAA,177.89
2024-08-05,AAA,178.65
2024-08-06,AAA,181.8
2024-08-07,AAA,183.6
2024-08-08,AAA,182.21
2024-08-09,AAA,182.71
2024-08-12,AAA,179.6
2024-08-13,AAA,179.74
2024-08-14,AAA,178.45
2024-08-15,AAA,176.52
2024-08-16,AAA,178.13
2024-08-19,AAA,175.43
2024-08-20,AAA,176.25
2024-08-21,AAA,178.88
2024-08-22,AAA,178.78
2024-08-23,AAA,174.37
2024-08-26,AAA,174.93
2024-08-27,AAA,180.06
2024-08-28,AAA,174.29
2024-08-29,AAA,175.12
2024-08-30,AAA,177.73
2024-09-02,AAA,176.32
2024-09-03,AAA,178.32
2024-09-04,AAA,179.02
2024-09-05,AAA,183.23
2024-09-06,AAA,178.7
2024-09-09,AAA,175.63
2024-09-10,AAA,170.94
2024-09-11,AAA,168.05
2024-09-12,AAA,166.61
2024-09-13,AAA,164.3
2024-09-16,AAA,164.04
2024-09-17,AAA,162.24
2024-09-18,AAA,162.03
2024-09-19,AAA,168.32
2024-09-20,AAA,168.95
2024-09-23,AAA,172.14
2024-09-24,AAA,168.85
2024-09-25,AAA,167.72
2024-09-26,AAA,165.92
2024-09-27,AAA,165.1
2024-09-30,AAA,160.9
2024-10-01,AAA,161.38
2024-10-02,AAA,158.95
2024-10-03,AAA,162.53
2024-10-04,AAA,159.94
2024-10-07,AAA,159.35
2024-10-08,AAA,159.6
2024-10-09,AAA,161.31
2024-10-10,AAA,156.42
2024-10-11,AAA,155.32
2024-10-14,AAA,155.1
2024-10-15,AAA,153.53
2024-10-16,AAA,153.62
2024-10-17,AAA,152.11
2024-10-18,AAA,155.25
2024-10-21,AAA,153.08
2024-10-22,AAA,154.23
2024-10-23,AAA,153.79
2024-10-24,AAA,152.83
2024-10-25,AAA,152.02
2024-10-28,AAA,157.73
2024-10-29,AAA,157.92
2024-10-30,AAA,157.41
2024-10-31,AAA,156.0
2024-11-01,AAA,153.13
2024-11-04,AAA,152.58
2024-11-05,AAA,146.59
2024-11-06,AAA,150.06
2024-11-07,AAA,152.01
2024-11-08,AAA,150.21
2024-11-11,AAA,150.65
2024-11-12,AAA,148.03
2024-11-13,AAA,144.89
2024-11-14,AAA,141.16
2024-11-15,AAA,141.67
2024-11-18,AAA,143.12
2024-11-19,AAA,141.05
2024-11-20,AAA,142.22
2024-11-21,AAA,141.57
2024-11-22,AAA,138.87
2024-11-25,AAA,137.8
2024-11-26,AAA,137.76
2024-11-27,AAA,135.71
2024-11-28,AAA,135.72
2024-11-29,AAA,134.19
2024-12-02,AAA,134.69
2024-12-03,AAA,139.62
2024-12-04,AAA,139.18
2024-12-05,AAA,136.91
2024-12-06,AAA,136.15
2024-12-09,AAA,137.95
2024-12-10,AAA,137.48
2024-12-11,AAA,138.91
2024-12-12,AAA,141.08
2024-12-13,AAA,142.26
2024-12-16,AAA,141.4
2024-12-17,AAA,141.58
2024-12-18,AAA,141.08
2024-12-19,AAA,140.42
2024-12-20,AAA,135.24
2024-12-23,AAA,138.44
2024-12-24,AAA,138.93
2024-12-25,AAA,139.97
2024-12-26,AAA,136.6
2024-12-27,AAA,134.63
2024-12-30,AAA,135.39
2024-12-31,AAA,136.11
2023-01-02,BBB,85.0
2023-01-03,BBB,83.93
2023-01-04,BBB,84.46
2023-01-05,BBB,86.25
2023-01-06,BBB,87.54
2023-01-09,BBB,87.0
2023-01-10,BBB,87.9
2023-01-11,BBB,88.31
2023-01-12,BBB,88.22
2023-01-13,BBB,87.63
2023-01-16,BBB,87.18
2023-01-17,BBB,87.65
2023-01-18,BBB,88.53
2023-01-19,BBB,88.18
2023-01-20,BBB,87.22
2023-01-23,BBB,88.62
2023-01-24,BBB,89.15
2023-01-25,BBB,90.19
2023-01-26,BBB,91.6
2023-01-27,BBB,92.75
2023-01-30,BBB,90.04
2023-01-31,BBB,89.41
2023-02-01,BBB,89.69
2023-02-02,BBB,89.64
2023-02-03,BBB,89.82
2023-02-06,BBB,91.6
2023-02-07,BBB,94.07
2023-02-08,BBB,94.55
2023-02-09,BBB,95.92
2023-02-10,BBB,96.17
2023-02-13,BBB,95.88
2023-02-14,BBB,95.63
2023-02-15,BBB,95.52
2023-02-16,BBB,96.45
2023-02-17,BBB,96.78
2023-02-20,BBB,97.15
2023-02-21,BBB,96.8
2023-02-22,BBB,94.94
2023-02-23,BBB,93.71
2023-02-24,BBB,95.05
2023-02-27,BBB,94.86
2023-02-28,BBB,95.68
2023-03-01,BBB,95.48
2023-03-02,BBB,97.0
2023-03-03,BBB,95.54
2023-03-06,BBB,93.04
2023-03-07,BBB,94.5
2023-03-08,BBB,93.57
2023-03-09,BBB,94.79
2023-03-10,BBB,94.59
2023-03-13,BBB,95.71
2023-03-14,BBB,95.09
2023-03-15,BBB,96.16
2023-03-16,BBB,94.76
2023-03-17,BBB,96.68
2023-03-20,BBB,97.81
2023-03-21,BBB,100.29
2023-03-22,BBB,102.99
2023-03-23,BBB,102.81
2023-03-24,BBB,105.57
2023-03-27,BBB,106.04
2023-03-28,BBB,105.84
2023-03-29,BBB,103.72
2023-03-30,BBB,104.9
2023-03-31,BBB,106.51
2023-04-03,BBB,108.01
2023-04-04,BBB,110.95
2023-04-05,BBB,108.57
2023-04-06,BBB,107.7
2023-04-07,BBB,109.48
2023-04-10,BBB,109.4
2023-04-11,BBB,107.0
2023-04-12,BBB,107.97
2023-04-13,BBB,107.36
2023-04-14,BBB,106.8
2023-04-17,BBB,106.84
2023-04-18,BBB,106.52
2023-04-19,BBB,108.35
2023-04-20,BBB,108.39
2023-04-21,BBB,110.07
2023-04-24,BBB,109.8
2023-04-25,BBB,111.24
2023-04-26,BBB,111.26
2023-04-27,BBB,110.91
2023-04-28,BBB,111.11
2023-05-01,BBB,111.91
2023-05-02,BBB,113.03
2023-05-03,BBB,114.32
2023-05-04,BBB,114.8
2023-05-05,BBB,117.07
2023-05-08,BBB,118.82
2023-05-09,BBB,117.96
2023-05-10,BBB,117.37
2023-05-11,BBB,119.13
2023-05-12,BBB,122.35
2023-05-15,BBB,121.06
2023-05-16,BBB,117.54
2023-05-17,BBB,117.65
2023-05-18,BBB,115.92
2023-05-19,BBB,118.95
2023-05-22,BBB,124.17
2023-05-23,BBB,125.8
2023-05-24,BBB,128.85
2023-05-25,BBB,127.83
2023-05-26,BBB,126.78
2023-05-29,BBB,126.66
2023-05-30,BBB,125.86
2023-05-31,BBB,126.62
2023-06-01,BBB,127.48
2023-06-02,BBB,127.64
2023-06-05,BBB,128.08
2023-06-06,BBB,129.08
2023-06-07,BBB,128.82
2023-06-08,BBB,126.23
2023-06-09,BBB,124.66
2023-06-12,BBB,124.68
2023-06-13,BBB,123.23
2023-06-14,BBB,124.93
2023-06-15,BBB,127.69
2023-06-16,BBB,130.33
2023-06-19,BBB,131.78
2023-06-20,BBB,130.57
2023-06-21,BBB,132.05
2023-06-22,BBB,132.11
2023-06-23,BBB,132.41
2023-06-26,BBB,132.61
2023-06-27,BBB,133.15
2023-06-28,BBB,134.2
2023-06-29,BBB,131.84
2023-06-30,BBB,130.34
2023-07-03,BBB,129.51
2023-07-04,BBB,128.9
2023-07-05,BBB,127.93
2023-07-06,BBB,130.47
2023-07-07,BBB,129.34
2023-07-10,BBB,128.04
2023-07-11,BBB,127.38
2023-07-12,BBB,126.93
2023-07-13,BBB,125.58
2023-07-14,BBB,125.87
2023-07-17,BBB,126.44
2023-07-18,BBB,126.96
2023-07-19,BBB,128.45
2023-07-20,BBB,127.79
2023-07-21,BBB,127.27
2023-07-24,BBB,126.91
2023-07-25,BBB,128.39
2023-07-26,BBB,130.0
2023-07-27,BBB,130.48
2023-07-28,BBB,131.22
2023-07-31,BBB,131.94
2023-08-01,BBB,133.73
2023-08-02,BBB,137.68
2023-08-03,BBB,136.53
2023-08-04,BBB,136.05
2023-08-07,BBB,135.55
2023-08-08,BBB,134.04
2023-08-09,BBB,131.56
2023-08-10,BBB,132.44
2023-08-11,BBB,132.81
2023-08-14,BBB,133.63
2023-08-15,BBB,134.55
2023-08-16,BBB,136.45
2023-08-17,BBB,138.87
2023-08-18,BBB,140.33
2023-08-21,BBB,140.15
2023-08-22,BBB,141.96
2023-08-23,BBB,141.41
2023-08-24,BBB,141.02
2023-08-25,BBB,139.14
2023-08-28,BBB,138.7
2023-08-29,BBB,138.68
2023-08-30,BBB,138.07
2023-08-31,BBB,136.07
2023-09-01,BBB,131.6
2023-09-04,BBB,129.43
2023-09-05,BBB,128.05
2023-09-06,BBB,129.26
2023-09-07,BBB,128.91
2023-09-08,BBB,131.02
2023-09-11,BBB,126.36
2023-09-12,BBB,126.08
2023-09-13,BBB,126.32
2023-09-14,BBB,126.54
2023-09-15,BBB,129.38
2023-09-18,BBB,131.12
2023-09-19,BBB,130.71
2023-09-20,BBB,129.84
2023-09-21,BBB,129.29
2023-09-22,BBB,132.93
2023-09-25,BBB,131.8
2023-09-26,BBB,134.02
2023-09-27,BBB,133.28
2023-09-28,BBB,134.58
2023-09-29,BBB,129.91
2023-10-02,BBB,126.19
2023-10-03,BBB,128.36
2023-10-04,BBB,128.23
2023-10-05,BBB,127.0
2023-10-06,BBB,126.76
2023-10-09,BBB,129.65
2023-10-10,BBB,129.96
2023-10-11,BBB,132.77
2023-10-12,BBB,134.6
2023-10-13,BBB,134.53
2023-10-16,BBB,133.71
2023-10-17,BBB,138.05
2023-10-18,BBB,137.73
2023-10-19,BBB,137.48
2023-10-20,BBB,139.17
2023-10-23,BBB,138.37
2023-10-24,BBB,138.74
2023-10-25,BBB,140.78
2023-10-26,BBB,143.48
2023-10-27,BBB,145.63
2023-10-30,BBB,143.46
2023-10-31,BBB,144.49
2023-11-01,BBB,141.7
2023-11-02,BBB,143.1
2023-11-03,BBB,143.78
2023-11-06,BBB,143.89
2023-11-07,BBB,142.7
2023-11-08,BBB,140.41
2023-11-09,BBB,141.21
2023-11-10,BBB,138.7
2023-11-13,BBB,134.03
2023-11-14,BBB,135.45
2023-11-15,BBB,133.79
2023-11-16,BBB,136.71
2023-11-17,BBB,136.41
2023-11-20,BBB,136.14
2023-11-21,BBB,134.46
2023-11-22,BBB,134.91
2023-11-23,BBB,135.59
2023-11-24,BBB,134.66
2023-11-27,BBB,131.1
2023-11-28,BBB,132.87
2023-11-29,BBB,129.73
2023-11-30,BBB,132.71
2023-12-01,BBB,132.09
2023-12-04,BBB,132.61
2023-12-05,BBB,132.84
2023-12-06,BBB,131.94
2023-12-07,BBB,133.02
2023-12-08,BBB,132.94
2023-12-11,BBB,133.05
2023-12-12,BBB,132.65
2023-12-13,BBB,134.63
2023-12-14,BBB,136.22
2023-12-15,BBB,135.09
2023-12-18,BBB,134.65
2023-12-19,BBB,137.95
2023-12-20,BBB,136.38
2023-12-21,BBB,136.5
2023-12-22,BBB,134.53
2023-12-25,BBB,133.88
2023-12-26,BBB,131.97
2023-12-27,BBB,131.84
2023-12-28,BBB,130.22
2023-12-29,BBB,133.02
2024-01-01,BBB,137.59
2024-01-02,BBB,137.45
2024-01-03,BBB,138.34
2024-01-04,BBB,138.88
2024-01-05,BBB,136.03
2024-01-08,BBB,136.36
2024-01-09,BBB,134.91
2024-01-10,BBB,134.15
2024-01-11,BBB,135.79
2024-01-12,BBB,134.67
2024-01-15,BBB,135.39
2024-01-16,BBB,138.91
2024-01-17,BBB,140.37
2024-01-18,BBB,142.82
2024-01-19,BBB,147.39
2024-01-22,BBB,145.47
2024-01-23,BBB,147.93
2024-01-24,BBB,153.73
2024-01-25,BBB,156.28
2024-01-26,BBB,152.38
2024-01-29,BBB,153.22
2024-01-30,BBB,156.0
2024-01-31,BBB,157.28
2024-02-01,BBB,159.17
2024-02-02,BBB,156.24
2024-02-05,BBB,156.14
2024-02-06,BBB,157.34
2024-02-07,BBB,157.04
2024-02-08,BBB,159.97
2024-02-09,BBB,161.55
2024-02-12,BBB,159.28
2024-02-13,BBB,159.58
2024-02-14,BBB,161.53
2024-02-15,BBB,164.87
2024-02-16,BBB,162.34
2024-02-19,BBB,166.15
2024-02-20,BBB,163.44
2024-02-21,BBB,159.23
2024-02-22,BBB,156.56
2024-02-23,BBB,153.74
2024-02-26,BBB,150.45
2024-02-27,BBB,147.19
2024-02-28,BBB,145.65
2024-02-29,BBB,139.14
2024-03-01,BBB,138.52
2024-03-04,BBB,138.98
2024-03-05,BBB,138.64
2024-03-06,BBB,137.71
2024-03-07,BBB,140.03
2024-03-08,BBB,140.52
2024-03-11,BBB,140.42
2024-03-12,BBB,140.91
2024-03-13,BBB,139.84
2024-03-14,BBB,139.2
2024-03-15,BBB,136.95
2024-03-18,BBB,134.38
2024-03-19,BBB,133.15
2024-03-20,BBB,134.17
2024-03-21,BBB,135.4
2024-03-22,BBB,137.24
2024-03-25,BBB,137.88
2024-03-26,BBB,134.75
2024-03-27,BBB,132.98
2024-03-28,BBB,130.61
2024-03-29,BBB,125.08
2024-04-01,BBB,127.32
2024-04-02,BBB,127.99
2024-04-03,BBB,128.09
2024-04-04,BBB,126.51
2024-04-05,BBB,127.89
2024-04-08,BBB,128.41
2024-04-09,BBB,130.2
2024-04-10,BBB,129.11
2024-04-11,BBB,129.63
2024-04-12,BBB,131.51
2024-04-15,BBB,130.39
2024-04-16,BBB,131.81
2024-04-17,BBB,130.23
2024-04-18,BBB,133.41
2024-04-19,BBB,136.43
2024-04-22,BBB,136.51
2024-04-23,BBB,134.5
2024-04-24,BBB,134.92
2024-04-25,BBB,135.87
2024-04-26,BBB,135.62
2024-04-29,BBB,134.84
2024-04-30,BBB,134.08
2024-05-01,BBB,137.44
2024-05-02,BBB,139.5
2024-05-03,BBB,140.3
2024-05-06,BBB,141.43
2024-05-07,BBB,144.7
2024-05-08,BBB,145.7
2024-05-09,BBB,145.15
2024-05-10,BBB,144.36
2024-05-13,BBB,144.63
2024-05-14,BBB,145.63
2024-05-15,BBB,145.57
2024-05-16,BBB,144.78
2024-05-17,BBB,143.49
2024-05-20,BBB,138.87
2024-05-21,BBB,141.39
2024-05-22,BBB,141.87
2024-05-23,BBB,139.86
2024-05-24,BBB,141.17
2024-05-27,BBB,139.67
2024-05-28,BBB,141.15
2024-05-29,BBB,141.88
2024-05-30,BBB,144.27
2024-05-31,BBB,145.1
2024-06-03,BBB,144.53
2024-06-04,BBB,143.18
2024-06-05,BBB,141.74
2024-06-06,BBB,139.08
2024-06-07,BBB,138.89
2024-06-10,BBB,142.29
2024-06-11,BBB,147.95
2024-06-12,BBB,150.36
2024-06-13,BBB,147.89
2024-06-14,BBB,149.02
2024-06-17,BBB,148.22
2024-06-18,BBB,147.22
2024-06-19,BBB,149.65
2024-06-20,BBB,151.58
2024-06-21,BBB,152.42
2024-06-24,BBB,150.3
2024-06-25,BBB,150.05
2024-06-26,BBB,150.54
2024-06-27,BBB,149.44
2024-06-28,BBB,148.05
2024-07-01,BBB,146.19
2024-07-02,BBB,146.72
2024-07-03,BBB,148.47
2024-07-04,BBB,148.55
2024-07-05,BBB,150.01
2024-07-08,BBB,148.85
2024-07-09,BBB,149.42
2024-07-10,BBB,149.01
2024-07-11,BBB,148.08
2024-07-12,BBB,146.53
2024-07-15,BBB,147.71
2024-07-16,BBB,150.08
2024-07-17,BBB,151.94
2024-07-18,BBB,156.06
2024-07-19,BBB,156.35
2024-07-22,BBB,156.35
2024-07-23,BBB,156.34
2024-07-24,BBB,155.36
2024-07-25,BBB,159.47
2024-07-26,BBB,159.78
2024-07-29,BBB,159.83
2024-07-30,BBB,158.72
2024-07-31,BBB,155.79
2024-08-01,BBB,158.85
2024-08-02,BBB,159.07
2024-08-05,BBB,157.43
2024-08-06,BBB,155.24
2024-08-07,BBB,162.11
2024-08-08,BBB,163.91
2024-08-09,BBB,165.69
2024-08-12,BBB,167.38
2024-08-13,BBB,167.48
2024-08-14,BBB,167.39
2024-08-15,BBB,170.14
2024-08-16,BBB,163.12
2024-08-19,BBB,162.49
2024-08-20,BBB,162.3
2024-08-21,BBB,163.18
2024-08-22,BBB,165.01
2024-08-23,BBB,169.59
2024-08-26,BBB,164.46
2024-08-27,BBB,168.61
2024-08-28,BBB,164.45
2024-08-29,BBB,168.85
2024-08-30,BBB,166.53
2024-09-02,BBB,164.16
2024-09-03,BBB,163.08
2024-09-04,BBB,161.43
2024-09-05,BBB,161.18
2024-09-06,BBB,159.63
2024-09-09,BBB,160.0
2024-09-10,BBB,158.27
2024-09-11,BBB,163.03
2024-09-12,BBB,161.22
2024-09-13,BBB,157.42
2024-09-16,BBB,157.92
2024-09-17,BBB,163.26
2024-09-18,BBB,167.71
2024-09-19,BBB,171.79
2024-09-20,BBB,171.41
2024-09-23,BBB,173.01
2024-09-24,BBB,173.42
2024-09-25,BBB,171.69
2024-09-26,BBB,167.77
2024-09-27,BBB,164.49
2024-09-30,BBB,165.82
2024-10-01,BBB,163.91
2024-10-02,BBB,168.33
2024-10-03,BBB,171.75
2024-10-04,BBB,171.79
2024-10-07,BBB,166.96
2024-10-08,BBB,165.71
2024-10-09,BBB,166.37
2024-10-10,BBB,164.31
2024-10-11,BBB,171.49
2024-10-14,BBB,173.47
2024-10-15,BBB,172.48
2024-10-16,BBB,170.99
2024-10-17,BBB,171.3
2024-10-18,BBB,175.44
2024-10-21,BBB,176.25
2024-10-22,BBB,179.91
2024-10-23,BBB,177.89
2024-10-24,BBB,179.05
2024-10-25,BBB,176.24
2024-10-28,BBB,175.15
2024-10-29,BBB,172.44
2024-10-30,BBB,170.45
2024-10-31,BBB,172.52
2024-11-01,BBB,175.3
2024-11-04,BBB,172.67
2024-11-05,BBB,175.25
2024-11-06,BBB,176.2
2024-11-07,BBB,175.27
2024-11-08,BBB,174.18
2024-11-11,BBB,173.54
2024-11-12,BBB,174.65
2024-11-13,BBB,173.61
2024-11-14,BBB,172.95
2024-11-15,BBB,173.67
2024-11-18,BBB,171.22
2024-11-19,BBB,175.44
2024-11-20,BBB,177.83
2024-11-21,BBB,172.22
2024-11-22,BBB,175.24
2024-11-25,BBB,173.99
2024-11-26,BBB,178.87
2024-11-27,BBB,175.55
2024-11-28,BBB,176.3
2024-11-29,BBB,174.5
2024-12-02,BBB,176.34
2024-12-03,BBB,173.92
2024-12-04,BBB,173.52
2024-12-05,BBB,170.71
2024-12-06,BBB,168.31
2024-12-09,BBB,170.17
2024-12-10,BBB,168.63
2024-12-11,BBB,170.1
2024-12-12,BBB,170.73
2024-12-13,BBB,168.27
2024-12-16,BBB,166.43
2024-12-17,BBB,165.27
2024-12-18,BBB,164.42
2024-12-19,BBB,163.57
2024-12-20,BBB,161.62
2024-12-23,BBB,161.81
2024-12-24,BBB,163.91
2024-12-25,BBB,164.88
2024-12-26,BBB,164.68
2024-12-27,BBB,164.17
2024-12-30,BBB,158.62
2024-12-31,BBB,157.5
2023-01-02,CCC,45.0
2023-01-03,CCC,45.57
2023-01-04,CCC,45.25
2023-01-05,CCC,46.98
2023-01-06,CCC,44.93
2023-01-09,CCC,45.03
2023-01-10,CCC,44.29
2023-01-11,CCC,43.64
2023-01-12,CCC,42.69
2023-01-13,CCC,43.01
2023-01-16,CCC,44.02
2023-01-17,CCC,43.99
2023-01-18,CCC,42.78
2023-01-19,CCC,42.08
2023-01-20,CCC,41.67
2023-01-23,CCC,41.57
2023-01-24,CCC,41.65
2023-01-25,CCC,40.71
2023-01-26,CCC,40.5
2023-01-27,CCC,40.41
2023-01-30,CCC,40.19
2023-01-31,CCC,39.17
2023-02-01,CCC,38.35
2023-02-02,CCC,37.91
2023-02-03,CCC,38.29
2023-02-06,CCC,38.17
2023-02-07,CCC,37.65
2023-02-08,CCC,38.49
2023-02-09,CCC,38.83
2023-02-10,CCC,38.94
2023-02-13,CCC,38.82
2023-02-14,CCC,38.68
2023-02-15,CCC,39.31
2023-02-16,CCC,38.6
2023-02-17,CCC,39.74
2023-02-20,CCC,39.7
2023-02-21,CCC,40.3
2023-02-22,CCC,40.73
2023-02-23,CCC,41.1
2023-02-24,CCC,39.44
2023-02-27,CCC,38.65
2023-02-28,CCC,39.82
2023-03-01,CCC,39.13
2023-03-02,CCC,38.51
2023-03-03,CCC,37.51
2023-03-06,CCC,37.18
2023-03-07,CCC,37.59
2023-03-08,CCC,37.64
2023-03-09,CCC,37.65
2023-03-10,CCC,37.84
2023-03-13,CCC,37.91
2023-03-14,CCC,38.11
2023-03-15,CCC,36.9
2023-03-16,CCC,35.81
2023-03-17,CCC,35.29
2023-03-20,CCC,35.79
2023-03-21,CCC,36.2
2023-03-22,CCC,36.18
2023-03-23,CCC,36.29
2023-03-24,CCC,36.25
2023-03-27,CCC,37.1
2023-03-28,CCC,36.32
2023-03-29,CCC,35.3
2023-03-30,CCC,35.82
2023-03-31,CCC,35.95
2023-04-03,CCC,35.47
2023-04-04,CCC,35.85
2023-04-05,CCC,36.03
2023-04-06,CCC,35.69
2023-04-07,CCC,36.33
2023-04-10,CCC,36.29
2023-04-11,CCC,35.52
2023-04-12,CCC,35.18
2023-04-13,CCC,35.06
2023-04-14,CCC,34.41
2023-04-17,CCC,34.22
2023-04-18,CCC,34.23
2023-04-19,CCC,33.86
2023-04-20,CCC,33.36
2023-04-21,CCC,33.08
2023-04-24,CCC,32.87
2023-04-25,CCC,32.85
2023-04-26,CCC,32.72
2023-04-27,CCC,32.95
2023-04-28,CCC,33.46
2023-05-01,CCC,33.65
2023-05-02,CCC,33.17
2023-05-03,CCC,33.6
2023-05-04,CCC,33.67
2023-05-05,CCC,34.17
2023-05-08,CCC,34.93
2023-05-09,CCC,35.21
2023-05-10,CCC,35.4
2023-05-11,CCC,35.96
2023-05-12,CCC,36.22
2023-05-15,CCC,36.56
2023-05-16,CCC,36.93
2023-05-17,CCC,36.51
2023-05-18,CCC,36.1
2023-05-19,CCC,36.35
2023-05-22,CCC,35.65
2023-05-23,CCC,35.83
2023-05-24,CCC,35.53
2023-05-25,CCC,35.4
2023-05-26,CCC,35.07
2023-05-29,CCC,35.34
2023-05-30,CCC,35.09
2023-05-31,CCC,34.72
2023-06-01,CCC,34.32
2023-06-02,CCC,35.64
2023-06-05,CCC,36.02
2023-06-06,CCC,35.95
2023-06-07,CCC,36.22
2023-06-08,CCC,35.83
2023-06-09,CCC,36.29
2023-06-12,CCC,36.96
2023-06-13,CCC,36.03
2023-06-14,CCC,35.58
2023-06-15,CCC,35.82
2023-06-16,CCC,35.85
2023-06-19,CCC,35.15
2023-06-20,CCC,34.19
2023-06-21,CCC,34.61
2023-06-22,CCC,34.24
2023-06-23,CCC,35.21
2023-06-26,CCC,34.8
2023-06-27,CCC,34.57
2023-06-28,CCC,33.03
2023-06-29,CCC,32.85
2023-06-30,CCC,32.16
2023-07-03,CCC,31.56
2023-07-04,CCC,31.5
2023-07-05,CCC,31.25
2023-07-06,CCC,31.21
2023-07-07,CCC,32.48
2023-07-10,CCC,33.22
2023-07-11,CCC,32.49
2023-07-12,CCC,32.5
2023-07-13,CCC,32.43
2023-07-14,CCC,32.33
2023-07-17,CCC,32.47
2023-07-18,CCC,31.44
2023-07-19,CCC,31.73
2023-07-20,CCC,32.35
2023-07-21,CCC,32.32
2023-07-24,CCC,32.24
2023-07-25,CCC,31.85
2023-07-26,CCC,32.04
2023-07-27,CCC,32.44
2023-07-28,CCC,32.04
2023-07-31,CCC,32.31
2023-08-01,CCC,33.07
2023-08-02,CCC,33.41
2023-08-03,CCC,32.67
2023-08-04,CCC,32.75
2023-08-07,CCC,33.08
2023-08-08,CCC,33.62
2023-08-09,CCC,33.71
2023-08-10,CCC,34.69
2023-08-11,CCC,34.64
2023-08-14,CCC,35.59
2023-08-15,CCC,35.54
2023-08-16,CCC,35.58
2023-08-17,CCC,35.82
2023-08-18,CCC,35.87
2023-08-21,CCC,36.4
2023-08-22,CCC,36.01
2023-08-23,CCC,36.31
2023-08-24,CCC,36.08
2023-08-25,CCC,35.95
2023-08-28,CCC,36.5
2023-08-29,CCC,35.91
2023-08-30,CCC,35.7
2023-08-31,CCC,35.36
2023-09-01,CCC,35.71
2023-09-04,CCC,36.12
2023-09-05,CCC,36.52
2023-09-06,CCC,37.64
2023-09-07,CCC,37.84
2023-09-08,CCC,37.15
2023-09-11,CCC,35.93
2023-09-12,CCC,36.05
2023-09-13,CCC,36.0
2023-09-14,CCC,35.18
2023-09-15,CCC,35.06
2023-09-18,CCC,35.23
2023-09-19,CCC,34.81
2023-09-20,CCC,34.58
2023-09-21,CCC,35.16
2023-09-22,CCC,34.75
2023-09-25,CCC,34.76
2023-09-26,CCC,34.0
2023-09-27,CCC,34.98
2023-09-28,CCC,34.59
2023-09-29,CCC,34.37
2023-10-02,CCC,34.36
2023-10-03,CCC,34.22
2023-10-04,CCC,34.3
2023-10-05,CCC,34.08
2023-10-06,CCC,33.52
2023-10-09,CCC,33.59
2023-10-10,CCC,33.95
2023-10-11,CCC,33.85
2023-10-12,CCC,34.72
2023-10-13,CCC,34.56
2023-10-16,CCC,34.51
2023-10-17,CCC,34.86
2023-10-18,CCC,35.36
2023-10-19,CCC,36.31
2023-10-20,CCC,36.14
2023-10-23,CCC,36.56
2023-10-24,CCC,37.03
2023-10-25,CCC,37.81
2023-10-26,CCC,37.49
2023-10-27,CCC,37.66
2023-10-30,CCC,38.51
2023-10-31,CCC,38.15
2023-11-01,CCC,37.48
2023-11-02,CCC,38.47
2023-11-03,CCC,38.64
2023-11-06,CCC,38.39
2023-11-07,CCC,38.33
2023-11-08,CCC,37.02
2023-11-09,CCC,37.5
2023-11-10,CCC,37.29
2023-11-13,CCC,36.73
2023-11-14,CCC,36.0
2023-11-15,CCC,36.25
2023-11-16,CCC,36.28
2023-11-17,CCC,36.4
2023-11-20,CCC,36.51
2023-11-21,CCC,36.65
2023-11-22,CCC,36.92
2023-11-23,CCC,36.92
2023-11-24,CCC,37.69
2023-11-27,CCC,36.75
2023-11-28,CCC,36.73
2023-11-29,CCC,36.77
2023-11-30,CCC,36.85
2023-12-01,CCC,36.16
2023-12-04,CCC,36.23
2023-12-05,CCC,35.78
2023-12-06,CCC,35.75
2023-12-07,CCC,34.99
2023-12-08,CCC,34.81
2023-12-11,CCC,34.7
2023-12-12,CCC,34.61
2023-12-13,CCC,34.47
2023-12-14,CCC,34.48
2023-12-15,CCC,34.26
2023-12-18,CCC,34.55
2023-12-19,CCC,34.54
2023-12-20,CCC,34.49
2023-12-21,CCC,35.26
2023-12-22,CCC,34.82
2023-12-25,CCC,35.54
2023-12-26,CCC,34.87
2023-12-27,CCC,34.59
2023-12-28,CCC,34.58
2023-12-29,CCC,34.39
2024-01-01,CCC,34.02
2024-01-02,CCC,34.03
2024-01-03,CCC,34.02
2024-01-04,CCC,34.16
2024-01-05,CCC,34.83
2024-01-08,CCC,34.06
2024-01-09,CCC,35.01
2024-01-10,CCC,34.52
2024-01-11,CCC,34.07
2024-01-12,CCC,34.61
2024-01-15,CCC,35.18
2024-01-16,CCC,34.79
2024-01-17,CCC,35.2
2024-01-18,CCC,35.3
2024-01-19,CCC,35.59
2024-01-22,CCC,35.48
2024-01-23,CCC,35.26
2024-01-24,CCC,35.89
2024-01-25,CCC,35.62
2024-01-26,CCC,35.72
2024-01-29,CCC,35.75
2024-01-30,CCC,35.12
2024-01-31,CCC,34.85
2024-02-01,CCC,34.51
2024-02-02,CCC,34.21
2024-02-05,CCC,34.47
2024-02-06,CCC,34.52
2024-02-07,CCC,34.79
2024-02-08,CCC,35.13
2024-02-09,CCC,35.08
2024-02-12,CCC,35.28
2024-02-13,CCC,35.53
2024-02-14,CCC,34.96
2024-02-15,CCC,35.73
2024-02-16,CCC,35.27
2024-02-19,CCC,34.99
2024-02-20,CCC,35.51
2024-02-21,CCC,34.91
2024-02-22,CCC,33.89
2024-02-23,CCC,33.19
2024-02-26,CCC,34.27
2024-02-27,CCC,34.05
2024-02-28,CCC,33.68
2024-02-29,CCC,33.61
2024-03-01,CCC,33.52
2024-03-04,CCC,33.78
2024-03-05,CCC,32.99
2024-03-06,CCC,32.86
2024-03-07,CCC,32.12
2024-03-08,CCC,32.14
2024-03-11,CCC,32.09
2024-03-12,CCC,32.31
2024-03-13,CCC,31.74
2024-03-14,CCC,31.8
2024-03-15,CCC,31.19
2024-03-18,CCC,30.45
2024-03-19,CCC,30.09
2024-03-20,CCC,30.96
2024-03-21,CCC,31.34
2024-03-22,CCC,30.3
2024-03-25,CCC,30.25
2024-03-26,CCC,30.22
2024-03-27,CCC,29.66
2024-03-28,CCC,28.96
2024-03-29,CCC,29.79
2024-04-01,CCC,30.6
2024-04-02,CCC,30.07
2024-04-03,CCC,30.39
2024-04-04,CCC,30.33
2024-04-05,CCC,30.64
2024-04-08,CCC,31.67
2024-04-09,CCC,31.05
2024-04-10,CCC,31.08
2024-04-11,CCC,30.47
2024-04-12,CCC,30.3
2024-04-15,CCC,30.03
2024-04-16,CCC,30.59
2024-04-17,CCC,30.84
2024-04-18,CCC,30.99
2024-04-19,CCC,30.97
2024-04-22,CCC,30.9
2024-04-23,CCC,30.31
2024-04-24,CCC,29.58
2024-04-25,CCC,29.17
2024-04-26,CCC,29.34
2024-04-29,CCC,29.26
2024-04-30,CCC,29.53
2024-05-01,CCC,29.16
2024-05-02,CCC,29.27
2024-05-03,CCC,29.23
2024-05-06,CCC,29.33
2024-05-07,CCC,29.38
2024-05-08,CCC,28.64
2024-05-09,CCC,28.72
2024-05-10,CCC,28.99
2024-05-13,CCC,29.12
2024-05-14,CCC,29.78
2024-05-15,CCC,29.33
2024-05-16,CCC,29.17
2024-05-17,CCC,29.52
2024-05-20,CCC,29.3
2024-05-21,CCC,29.55
2024-05-22,CCC,29.55
2024-05-23,CCC,29.96
2024-05-24,CCC,29.48
2024-05-27,CCC,28.85
2024-05-28,CCC,28.55
2024-05-29,CCC,29.38
2024-05-30,CCC,30.0
2024-05-31,CCC,29.88
2024-06-03,CCC,30.28
2024-06-04,CCC,30.21
2024-06-05,CCC,29.48
2024-06-06,CCC,30.15
2024-06-07,CCC,30.32
2024-06-10,CCC,31.26
2024-06-11,CCC,31.05
2024-06-12,CCC,31.03
2024-06-13,CCC,30.92
2024-06-14,CCC,30.42
2024-06-17,CCC,29.95
2024-06-18,CCC,29.91
2024-06-19,CCC,29.61
2024-06-20,CCC,29.73
2024-06-21,CCC,29.56
2024-06-24,CCC,29.84
2024-06-25,CCC,28.97
2024-06-26,CCC,29.33
2024-06-27,CCC,29.12
2024-06-28,CCC,28.91
2024-07-01,CCC,28.28
2024-07-02,CCC,28.58
2024-07-03,CCC,29.24
2024-07-04,CCC,29.25
2024-07-05,CCC,29.14
2024-07-08,CCC,28.26
2024-07-09,CCC,28.04
2024-07-10,CCC,28.62
2024-07-11,CCC,28.27
2024-07-12,CCC,27.74
2024-07-15,CCC,27.55
2024-07-16,CCC,27.71
2024-07-17,CCC,28.94
2024-07-18,CCC,28.68
2024-07-19,CCC,27.83
2024-07-22,CCC,27.44
2024-07-23,CCC,26.99
2024-07-24,CCC,27.43
2024-07-25,CCC,27.62
2024-07-26,CCC,27.64
2024-07-29,CCC,27.12
2024-07-30,CCC,25.81
2024-07-31,CCC,26.66
2024-08-01,CCC,27.0
2024-08-02,CCC,26.68
2024-08-05,CCC,26.82
2024-08-06,CCC,26.75
2024-08-07,CCC,26.26
2024-08-08,CCC,26.47
2024-08-09,CCC,26.23
2024-08-12,CCC,26.71
2024-08-13,CCC,26.91
2024-08-14,CCC,26.29
2024-08-15,CCC,26.45
2024-08-16,CCC,26.43
2024-08-19,CCC,26.3
2024-08-20,CCC,25.82
2024-08-21,CCC,25.44
2024-08-22,CCC,25.81
2024-08-23,CCC,26.09
2024-08-26,CCC,26.44
2024-08-27,CCC,26.28
2024-08-28,CCC,25.74
2024-08-29,CCC,26.14
2024-08-30,CCC,26.01
2024-09-02,CCC,25.55
2024-09-03,CCC,25.59
2024-09-04,CCC,25.21
2024-09-05,CCC,24.01
2024-09-06,CCC,24.17
2024-09-09,CCC,23.86
2024-09-10,CCC,24.46
2024-09-11,CCC,24.21
2024-09-12,CCC,24.07
2024-09-13,CCC,24.21
2024-09-16,CCC,24.66
2024-09-17,CCC,24.99
2024-09-18,CCC,25.65
2024-09-19,CCC,25.9
2024-09-20,CCC,26.58
2024-09-23,CCC,27.03
2024-09-24,CCC,26.56
2024-09-25,CCC,26.45
2024-09-26,CCC,26.63
2024-09-27,CCC,27.15
2024-09-30,CCC,26.77
2024-10-01,CCC,26.3
2024-10-02,CCC,26.39
2024-10-03,CCC,25.77
2024-10-04,CCC,25.2
2024-10-07,CCC,25.45
2024-10-08,CCC,26.07
2024-10-09,CCC,25.99
2024-10-10,CCC,25.7
2024-10-11,CCC,25.59
2024-10-14,CCC,26.1
2024-10-15,CCC,25.73
2024-10-16,CCC,26.02
2024-10-17,CCC,25.36
2024-10-18,CCC,24.95
2024-10-21,CCC,25.27
2024-10-22,CCC,25.52
2024-10-23,CCC,24.93
2024-10-24,CCC,25.3
2024-10-25,CCC,25.28
2024-10-28,CCC,25.07
2024-10-29,CCC,25.44
2024-10-30,CCC,26.02
2024-10-31,CCC,25.89
2024-11-01,CCC,25.45
2024-11-04,CCC,25.45
2024-11-05,CCC,25.59
2024-11-06,CCC,25.75
2024-11-07,CCC,25.97
2024-11-08,CCC,26.1
2024-11-11,CCC,25.84
2024-11-12,CCC,26.01
2024-11-13,CCC,25.77
2024-11-14,CCC,25.63
2024-11-15,CCC,25.31
2024-11-18,CCC,25.65
2024-11-19,CCC,25.02
2024-11-20,CCC,24.61
2024-11-21,CCC,24.59
2024-11-22,CCC,24.25
2024-11-25,CCC,24.24
2024-11-26,CCC,24.54
2024-11-27,CCC,24.89
2024-11-28,CCC,25.5
2024-11-29,CCC,25.37
2024-12-02,CCC,25.78
2024-12-03,CCC,26.15
2024-12-04,CCC,26.37
2024-12-05,CCC,26.64
2024-12-06,CCC,26.07
2024-12-09,CCC,25.84
2024-12-10,CCC,25.86
2024-12-11,CCC,26.27
2024-12-12,CCC,25.86
2024-12-13,CCC,25.98
2024-12-16,CCC,26.0
2024-12-17,CCC,26.27
2024-12-18,CCC,26.11
2024-12-19,CCC,25.7
2024-12-20,CCC,25.91
2024-12-23,CCC,25.46
2024-12-24,CCC,25.69
2024-12-25,CCC,25.65
2024-12-26,CCC,25.46
2024-12-27,CCC,26.13
2024-12-30,CCC,26.11
2024-12-31,CCC,25.97
2023-01-02,DDD,55.0
2023-01-03,DDD,54.38
2023-01-04,DDD,54.07
2023-01-05,DDD,52.84
2023-01-06,DDD,53.17
2023-01-09,DDD,54.27
2023-01-10,DDD,55.38
2023-01-11,DDD,56.66
2023-01-12,DDD,56.75
2023-01-13,DDD,56.75
2023-01-16,DDD,56.96
2023-01-17,DDD,56.04
2023-01-18,DDD,56.56
2023-01-19,DDD,56.6
2023-01-20,DDD,55.58
2023-01-23,DDD,55.53
2023-01-24,DDD,55.1
2023-01-25,DDD,55.13
2023-01-26,DDD,53.92
2023-01-27,DDD,54.5
2023-01-30,DDD,54.52
2023-01-31,DDD,54.95
2023-02-01,DDD,55.67
2023-02-02,DDD,56.75
2023-02-03,DDD,55.57
2023-02-06,DDD,54.98
2023-02-07,DDD,54.82
2023-02-08,DDD,53.95
2023-02-09,DDD,54.01
2023-02-10,DDD,54.72
2023-02-13,DDD,53.69
2023-02-14,DDD,53.24
2023-02-15,DDD,51.37
2023-02-16,DDD,51.93
2023-02-17,DDD,51.08
2023-02-20,DDD,51.68
2023-02-21,DDD,52.07
2023-02-22,DDD,52.52
2023-02-23,DDD,52.67
2023-02-24,DDD,54.01
2023-02-27,DDD,54.37
2023-02-28,DDD,53.59
2023-03-01,DDD,51.67
2023-03-02,DDD,51.4
2023-03-03,DDD,50.45
2023-03-06,DDD,50.57
2023-03-07,DDD,50.92
2023-03-08,DDD,49.74
2023-03-09,DDD,50.1
2023-03-10,DDD,49.45
2023-03-13,DDD,50.06
2023-03-14,DDD,49.31
2023-03-15,DDD,49.4
2023-03-16,DDD,49.7
2023-03-17,DDD,50.25
2023-03-20,DDD,51.05
2023-03-21,DDD,50.29
2023-03-22,DDD,50.61
2023-03-23,DDD,50.29
2023-03-24,DDD,51.62
2023-03-27,DDD,52.47
2023-03-28,DDD,52.86
2023-03-29,DDD,51.88
2023-03-30,DDD,51.45
2023-03-31,DDD,51.47
2023-04-03,DDD,52.27
2023-04-04,DDD,52.17
2023-04-05,DDD,52.33
2023-04-06,DDD,52.81
2023-04-07,DDD,53.19
2023-04-10,DDD,52.96
2023-04-11,DDD,52.89
2023-04-12,DDD,52.61
2023-04-13,DDD,53.93
2023-04-14,DDD,54.98
2023-04-17,DDD,54.85
2023-04-18,DDD,53.65
2023-04-19,DDD,52.46
2023-04-20,DDD,52.75
2023-04-21,DDD,52.95
2023-04-24,DDD,53.81
2023-04-25,DDD,52.65
2023-04-26,DDD,54.35
2023-04-27,DDD,54.38
2023-04-28,DDD,54.05
2023-05-01,DDD,53.17
2023-05-02,DDD,53.02
2023-05-03,DDD,53.38
2023-05-04,DDD,53.55
2023-05-05,DDD,53.34
2023-05-08,DDD,53.87
2023-05-09,DDD,53.38
2023-05-10,DDD,54.28
2023-05-11,DDD,54.69
2023-05-12,DDD,55.23
2023-05-15,DDD,54.53
2023-05-16,DDD,53.16
2023-05-17,DDD,53.34
2023-05-18,DDD,54.27
2023-05-19,DDD,53.18
2023-05-22,DDD,51.93
2023-05-23,DDD,52.35
2023-05-24,DDD,52.07
2023-05-25,DDD,52.72
2023-05-26,DDD,52.9
2023-05-29,DDD,52.95
2023-05-30,DDD,53.86
2023-05-31,DDD,54.36
2023-06-01,DDD,55.06
2023-06-02,DDD,54.81
2023-06-05,DDD,55.3
2023-06-06,DDD,55.17
2023-06-07,DDD,54.56
2023-06-08,DDD,53.83
2023-06-09,DDD,54.08
2023-06-12,DDD,54.35
2023-06-13,DDD,53.79
2023-06-14,DDD,53.31
2023-06-15,DDD,52.78
2023-06-16,DDD,52.51
2023-06-19,DDD,51.96
2023-06-20,DDD,51.45
2023-06-21,DDD,51.88
2023-06-22,DDD,52.16
2023-06-23,DDD,52.76
2023-06-26,DDD,52.91
2023-06-27,DDD,53.17
2023-06-28,DDD,52.49
2023-06-29,DDD,52.27
2023-06-30,DDD,51.34
2023-07-03,DDD,51.15
2023-07-04,DDD,51.7
2023-07-05,DDD,51.14
2023-07-06,DDD,50.96
2023-07-07,DDD,50.51
2023-07-10,DDD,51.75
2023-07-11,DDD,52.2
2023-07-12,DDD,51.34
2023-07-13,DDD,51.83
2023-07-14,DDD,53.12
2023-07-17,DDD,51.93
2023-07-18,DDD,52.82
2023-07-19,DDD,53.5
2023-07-20,DDD,52.32
2023-07-21,DDD,52.63
2023-07-24,DDD,53.21
2023-07-25,DDD,52.7
2023-07-26,DDD,52.56
2023-07-27,DDD,52.77
2023-07-28,DDD,53.07
2023-07-31,DDD,53.98
2023-08-01,DDD,54.06
2023-08-02,DDD,53.45
2023-08-03,DDD,55.26
2023-08-04,DDD,54.12
2023-08-07,DDD,55.26
2023-08-08,DDD,55.26
2023-08-09,DDD,54.6
2023-08-10,DDD,54.61
2023-08-11,DDD,54.56
2023-08-14,DDD,55.43
2023-08-15,DDD,55.19
2023-08-16,DDD,56.14
2023-08-17,DDD,56.81
2023-08-18,DDD,57.89
2023-08-21,DDD,59.11
2023-08-22,DDD,58.46
2023-08-23,DDD,58.55
2023-08-24,DDD,60.73
2023-08-25,DDD,61.05
2023-08-28,DDD,60.32
2023-08-29,DDD,60.51
2023-08-30,DDD,62.23
2023-08-31,DDD,61.92
2023-09-01,DDD,61.43
2023-09-04,DDD,61.38
2023-09-05,DDD,60.85
2023-09-06,DDD,61.22
2023-09-07,DDD,60.62
2023-09-08,DDD,59.31
2023-09-11,DDD,58.92
2023-09-12,DDD,59.45
2023-09-13,DDD,58.93
2023-09-14,DDD,59.2
2023-09-15,DDD,58.95
2023-09-18,DDD,59.42
2023-09-19,DDD,59.83
2023-09-20,DDD,60.1
2023-09-21,DDD,58.29
2023-09-22,DDD,59.21
2023-09-25,DDD,59.7
2023-09-26,DDD,58.47
2023-09-27,DDD,58.68
2023-09-28,DDD,58.73
2023-09-29,DDD,59.02
2023-10-02,DDD,59.52
2023-10-03,DDD,60.57
2023-10-04,DDD,60.53
2023-10-05,DDD,60.61
2023-10-06,DDD,60.07
2023-10-09,DDD,57.9
2023-10-10,DDD,57.66
2023-10-11,DDD,56.89
2023-10-12,DDD,57.08
2023-10-13,DDD,56.48
2023-10-16,DDD,57.89
2023-10-17,DDD,58.08
2023-10-18,DDD,56.32
2023-10-19,DDD,55.29
2023-10-20,DDD,55.21
2023-10-23,DDD,55.06
2023-10-24,DDD,56.7
2023-10-25,DDD,56.99
2023-10-26,DDD,56.3
2023-10-27,DDD,54.78
2023-10-30,DDD,54.33
2023-10-31,DDD,53.99
2023-11-01,DDD,54.72
2023-11-02,DDD,54.56
2023-11-03,DDD,53.8
2023-11-06,DDD,53.02
2023-11-07,DDD,52.23
2023-11-08,DDD,52.34
2023-11-09,DDD,53.09
2023-11-10,DDD,53.85
2023-11-13,DDD,52.9
2023-11-14,DDD,53.77
2023-11-15,DDD,54.68
2023-11-16,DDD,53.35
2023-11-17,DDD,52.9
2023-11-20,DDD,53.09
2023-11-21,DDD,52.81
2023-11-22,DDD,53.4
2023-11-23,DDD,53.11
2023-11-24,DDD,52.43
2023-11-27,DDD,53.5
2023-11-28,DDD,53.06
2023-11-29,DDD,53.42
2023-11-30,DDD,53.33
2023-12-01,DDD,53.31
2023-12-04,DDD,53.69
2023-12-05,DDD,53.74
2023-12-06,DDD,53.69
2023-12-07,DDD,52.92
2023-12-08,DDD,53.85
2023-12-11,DDD,54.14
2023-12-12,DDD,53.97
2023-12-13,DDD,54.92
2023-12-14,DDD,57.43
2023-12-15,DDD,57.64
2023-12-18,DDD,58.76
2023-12-19,DDD,57.76
2023-12-20,DDD,58.54
2023-12-21,DDD,60.08
2023-12-22,DDD,61.29
2023-12-25,DDD,61.39
2023-12-26,DDD,61.27
2023-12-27,DDD,62.35
2023-12-28,DDD,63.11
2023-12-29,DDD,62.73
2024-01-01,DDD,63.54
2024-01-02,DDD,61.83
2024-01-03,DDD,61.57
2024-01-04,DDD,59.33
2024-01-05,DDD,60.44
2024-01-08,DDD,59.37
2024-01-09,DDD,60.13
2024-01-10,DDD,60.16
2024-01-11,DDD,59.94
2024-01-12,DDD,60.87
2024-01-15,DDD,61.54
2024-01-16,DDD,62.29
2024-01-17,DDD,61.89
2024-01-18,DDD,59.72
2024-01-19,DDD,59.02
2024-01-22,DDD,59.74
2024-01-23,DDD,59.61
2024-01-24,DDD,61.23
2024-01-25,DDD,61.03
2024-01-26,DDD,60.8
2024-01-29,DDD,62.36
2024-01-30,DDD,63.03
2024-01-31,DDD,61.37
2024-02-01,DDD,61.15
2024-02-02,DDD,61.2
2024-02-05,DDD,60.28
2024-02-06,DDD,59.67
2024-02-07,DDD,61.18
2024-02-08,DDD,60.14
2024-02-09,DDD,62.44
2024-02-12,DDD,62.96
2024-02-13,DDD,61.93
2024-02-14,DDD,63.49
2024-02-15,DDD,62.67
2024-02-16,DDD,61.85
2024-02-19,DDD,61.85
2024-02-20,DDD,62.51
2024-02-21,DDD,61.93
2024-02-22,DDD,62.27
2024-02-23,DDD,62.73
2024-02-26,DDD,61.28
2024-02-27,DDD,60.15
2024-02-28,DDD,59.17
2024-02-29,DDD,58.28
2024-03-01,DDD,57.11
2024-03-04,DDD,58.09
2024-03-05,DDD,58.71
2024-03-06,DDD,57.38
2024-03-07,DDD,57.02
2024-03-08,DDD,57.42
2024-03-11,DDD,57.27
2024-03-12,DDD,56.43
2024-03-13,DDD,57.33
2024-03-14,DDD,57.09
2024-03-15,DDD,57.42
2024-03-18,DDD,57.64
2024-03-19,DDD,57.97
2024-03-20,DDD,58.79
2024-03-21,DDD,59.0
2024-03-22,DDD,58.27
2024-03-25,DDD,57.41
2024-03-26,DDD,57.39
2024-03-27,DDD,56.02
2024-03-28,DDD,55.93
2024-03-29,DDD,55.91
2024-04-01,DDD,56.22
2024-04-02,DDD,57.49
2024-04-03,DDD,57.71
2024-04-04,DDD,58.29
2024-04-05,DDD,57.47
2024-04-08,DDD,58.58
2024-04-09,DDD,59.38
2024-04-10,DDD,58.67
2024-04-11,DDD,59.55
2024-04-12,DDD,59.47
2024-04-15,DDD,59.83
2024-04-16,DDD,60.38
2024-04-17,DDD,61.48
2024-04-18,DDD,59.95
2024-04-19,DDD,59.24
2024-04-22,DDD,60.01
2024-04-23,DDD,59.72
2024-04-24,DDD,61.42
2024-04-25,DDD,60.83
2024-04-26,DDD,62.02
2024-04-29,DDD,63.77
2024-04-30,DDD,63.21
2024-05-01,DDD,62.96
2024-05-02,DDD,63.19
2024-05-03,DDD,62.41
2024-05-06,DDD,60.08
2024-05-07,DDD,59.23
2024-05-08,DDD,59.54
2024-05-09,DDD,59.56
2024-05-10,DDD,59.1
2024-05-13,DDD,60.35
2024-05-14,DDD,60.2
2024-05-15,DDD,61.04
2024-05-16,DDD,59.98
2024-05-17,DDD,60.57
2024-05-20,DDD,61.38
2024-05-21,DDD,61.84
2024-05-22,DDD,61.96
2024-05-23,DDD,62.29
2024-05-24,DDD,62.66
2024-05-27,DDD,61.61
2024-05-28,DDD,61.09
2024-05-29,DDD,61.67
2024-05-30,DDD,62.21
2024-05-31,DDD,63.01
2024-06-03,DDD,63.43
2024-06-04,DDD,63.41
2024-06-05,DDD,63.65
2024-06-06,DDD,63.6
2024-06-07,DDD,64.96
2024-06-10,DDD,64.01
2024-06-11,DDD,62.7
2024-06-12,DDD,63.22
2024-06-13,DDD,62.86
2024-06-14,DDD,62.79
2024-06-17,DDD,62.0
2024-06-18,DDD,62.2
2024-06-19,DDD,63.74
2024-06-20,DDD,64.48
2024-06-21,DDD,65.52
2024-06-24,DDD,65.44
2024-06-25,DDD,64.28
2024-06-26,DDD,63.56
2024-06-27,DDD,63.33
2024-06-28,DDD,62.95
2024-07-01,DDD,62.04
2024-07-02,DDD,61.06
2024-07-03,DDD,61.85
2024-07-04,DDD,61.07
2024-07-05,DDD,61.97
2024-07-08,DDD,60.65
2024-07-09,DDD,59.11
2024-07-10,DDD,58.65
2024-07-11,DDD,57.88
2024-07-12,DDD,55.72
2024-07-15,DDD,54.25
2024-07-16,DDD,54.38
2024-07-17,DDD,54.86
2024-07-18,DDD,54.43
2024-07-19,DDD,54.41
2024-07-22,DDD,54.62
2024-07-23,DDD,57.47
2024-07-24,DDD,56.59
2024-07-25,DDD,55.58
2024-07-26,DDD,56.21
2024-07-29,DDD,56.6
2024-07-30,DDD,56.68
2024-07-31,DDD,57.77
2024-08-01,DDD,58.56
2024-08-02,DDD,57.89
2024-08-05,DDD,58.74
2024-08-06,DDD,59.16
2024-08-07,DDD,59.73
2024-08-08,DDD,59.93
2024-08-09,DDD,59.42
2024-08-12,DDD,58.83
2024-08-13,DDD,57.96
2024-08-14,DDD,56.3
2024-08-15,DDD,57.76
2024-08-16,DDD,57.46
2024-08-19,DDD,59.66
2024-08-20,DDD,58.71
2024-08-21,DDD,58.39
2024-08-22,DDD,58.55
2024-08-23,DDD,57.68
2024-08-26,DDD,58.18
2024-08-27,DDD,58.05
2024-08-28,DDD,58.06
2024-08-29,DDD,58.72
2024-08-30,DDD,59.85
2024-09-02,DDD,58.99
2024-09-03,DDD,58.46
2024-09-04,DDD,57.6
2024-09-05,DDD,56.07
2024-09-06,DDD,55.0
2024-09-09,DDD,55.02
2024-09-10,DDD,56.83
2024-09-11,DDD,57.34
2024-09-12,DDD,57.05
2024-09-13,DDD,57.1
2024-09-16,DDD,56.9
2024-09-17,DDD,58.23
2024-09-18,DDD,57.04
2024-09-19,DDD,56.99
2024-09-20,DDD,55.76
2024-09-23,DDD,56.16
2024-09-24,DDD,56.0
2024-09-25,DDD,56.6
2024-09-26,DDD,56.2
2024-09-27,DDD,56.35
2024-09-30,DDD,55.76
2024-10-01,DDD,56.18
2024-10-02,DDD,57.09
2024-10-03,DDD,56.52
2024-10-04,DDD,57.58
2024-10-07,DDD,58.1
2024-10-08,DDD,58.51
2024-10-09,DDD,58.78
2024-10-10,DDD,58.69
2024-10-11,DDD,58.27
2024-10-14,DDD,58.45
2024-10-15,DDD,59.78
2024-10-16,DDD,61.06
2024-10-17,DDD,60.31
2024-10-18,DDD,60.44
2024-10-21,DDD,60.28
2024-10-22,DDD,59.7
2024-10-23,DDD,59.21
2024-10-24,DDD,59.89
2024-10-25,DDD,60.04
2024-10-28,DDD,59.31
2024-10-29,DDD,60.58
2024-10-30,DDD,61.66
2024-10-31,DDD,60.73
2024-11-01,DDD,59.52
2024-11-04,DDD,59.57
2024-11-05,DDD,60.6
2024-11-06,DDD,59.46
2024-11-07,DDD,59.48
2024-11-08,DDD,58.49
2024-11-11,DDD,57.63
2024-11-12,DDD,56.89
2024-11-13,DDD,56.64
2024-11-14,DDD,56.52
2024-11-15,DDD,57.15
2024-11-18,DDD,56.29
2024-11-19,DDD,56.11
2024-11-20,DDD,56.61
2024-11-21,DDD,55.26
2024-11-22,DDD,55.84
2024-11-25,DDD,55.79
2024-11-26,DDD,56.15
2024-11-27,DDD,55.58
2024-11-28,DDD,55.5
2024-11-29,DDD,54.9
2024-12-02,DDD,55.44
2024-12-03,DDD,56.29
2024-12-04,DDD,57.12
2024-12-05,DDD,57.32
2024-12-06,DDD,57.0
2024-12-09,DDD,57.43
2024-12-10,DDD,58.27
2024-12-11,DDD,57.59
2024-12-12,DDD,57.04
2024-12-13,DDD,59.27
2024-12-16,DDD,58.2
2024-12-17,DDD,60.36
2024-12-18,DDD,60.42
2024-12-19,DDD,62.13
2024-12-20,DDD,61.51
2024-12-23,DDD,62.68
2024-12-24,DDD,63.28
2024-12-25,DDD,61.65
2024-12-26,DDD,62.28
2024-12-27,DDD,62.66
2024-12-30,DDD,62.95
2024-12-31,DDD,62.45
2023-01-02,ETF-MKT,100.0
2023-01-03,ETF-MKT,100.17
2023-01-04,ETF-MKT,100.65
2023-01-05,ETF-MKT,101.05
2023-01-06,ETF-MKT,100.5
2023-01-09,ETF-MKT,103.57
2023-01-10,ETF-MKT,106.67
2023-01-11,ETF-MKT,102.95
2023-01-12,ETF-MKT,105.01
2023-01-13,ETF-MKT,103.57
2023-01-16,ETF-MKT,101.39
2023-01-17,ETF-MKT,101.23
2023-01-18,ETF-MKT,102.56
2023-01-19,ETF-MKT,103.81
2023-01-20,ETF-MKT,102.94
2023-01-23,ETF-MKT,102.0
2023-01-24,ETF-MKT,100.45
2023-01-25,ETF-MKT,100.33
2023-01-26,ETF-MKT,102.63
2023-01-27,ETF-MKT,103.1
2023-01-30,ETF-MKT,104.69
2023-01-31,ETF-MKT,103.33
2023-02-01,ETF-MKT,102.4
2023-02-02,ETF-MKT,103.53
2023-02-03,ETF-MKT,102.24
2023-02-06,ETF-MKT,103.01
2023-02-07,ETF-MKT,101.83
2023-02-08,ETF-MKT,99.71
2023-02-09,ETF-MKT,99.16
2023-02-10,ETF-MKT,99.76
2023-02-13,ETF-MKT,100.59
2023-02-14,ETF-MKT,99.24
2023-02-15,ETF-MKT,97.93
2023-02-16,ETF-MKT,100.32
2023-02-17,ETF-MKT,100.13
2023-02-20,ETF-MKT,101.83
2023-02-21,ETF-MKT,103.95
2023-02-22,ETF-MKT,101.95
2023-02-23,ETF-MKT,101.49
2023-02-24,ETF-MKT,102.06
2023-02-27,ETF-MKT,103.79
2023-02-28,ETF-MKT,104.78
2023-03-01,ETF-MKT,103.84
2023-03-02,ETF-MKT,102.54
2023-03-03,ETF-MKT,103.59
2023-03-06,ETF-MKT,104.21
2023-03-07,ETF-MKT,103.78
2023-03-08,ETF-MKT,106.86
2023-03-09,ETF-MKT,108.1
2023-03-10,ETF-MKT,110.09
2023-03-13,ETF-MKT,110.62
2023-03-14,ETF-MKT,110.61
2023-03-15,ETF-MKT,105.58
2023-03-16,ETF-MKT,104.72
2023-03-17,ETF-MKT,105.03
2023-03-20,ETF-MKT,105.76
2023-03-21,ETF-MKT,104.9
2023-03-22,ETF-MKT,106.69
2023-03-23,ETF-MKT,106.63
2023-03-24,ETF-MKT,104.91
2023-03-27,ETF-MKT,107.01
2023-03-28,ETF-MKT,106.4
2023-03-29,ETF-MKT,106.03
2023-03-30,ETF-MKT,105.24
2023-03-31,ETF-MKT,109.16
2023-04-03,ETF-MKT,109.73
2023-04-04,ETF-MKT,109.93
2023-04-05,ETF-MKT,110.63
2023-04-06,ETF-MKT,111.59
2023-04-07,ETF-MKT,111.15
2023-04-10,ETF-MKT,113.07
2023-04-11,ETF-MKT,114.2
2023-04-12,ETF-MKT,115.65
2023-04-13,ETF-MKT,114.08
2023-04-14,ETF-MKT,115.16
2023-04-17,ETF-MKT,113.66
2023-04-18,ETF-MKT,117.29
2023-04-19,ETF-MKT,114.02
2023-04-20,ETF-MKT,113.39
2023-04-21,ETF-MKT,115.36
2023-04-24,ETF-MKT,113.72
2023-04-25,ETF-MKT,113.25
2023-04-26,ETF-MKT,118.18
2023-04-27,ETF-MKT,117.05
2023-04-28,ETF-MKT,116.37
2023-05-01,ETF-MKT,114.48
2023-05-02,ETF-MKT,113.83
2023-05-03,ETF-MKT,112.56
2023-05-04,ETF-MKT,112.02
2023-05-05,ETF-MKT,110.67
2023-05-08,ETF-MKT,109.33
2023-05-09,ETF-MKT,107.72
2023-05-10,ETF-MKT,106.03
2023-05-11,ETF-MKT,109.87
2023-05-12,ETF-MKT,110.33
2023-05-15,ETF-MKT,113.19
2023-05-16,ETF-MKT,116.77
2023-05-17,ETF-MKT,117.13
2023-05-18,ETF-MKT,116.69
2023-05-19,ETF-MKT,116.78
2023-05-22,ETF-MKT,116.16
2023-05-23,ETF-MKT,113.89
2023-05-24,ETF-MKT,109.87
2023-05-25,ETF-MKT,108.88
2023-05-26,ETF-MKT,109.75
2023-05-29,ETF-MKT,108.17
2023-05-30,ETF-MKT,106.17
2023-05-31,ETF-MKT,107.48
2023-06-01,ETF-MKT,108.33
2023-06-02,ETF-MKT,109.58
2023-06-05,ETF-MKT,110.66
2023-06-06,ETF-MKT,111.91
2023-06-07,ETF-MKT,113.53
2023-06-08,ETF-MKT,111.65
2023-06-09,ETF-MKT,109.11
2023-06-12,ETF-MKT,110.02
2023-06-13,ETF-MKT,111.59
2023-06-14,ETF-MKT,111.44
2023-06-15,ETF-MKT,112.2
2023-06-16,ETF-MKT,114.96
2023-06-19,ETF-MKT,116.17
2023-06-20,ETF-MKT,118.73
2023-06-21,ETF-MKT,119.01
2023-06-22,ETF-MKT,116.25
2023-06-23,ETF-MKT,118.84
2023-06-26,ETF-MKT,118.05
2023-06-27,ETF-MKT,117.1
2023-06-28,ETF-MKT,115.83
2023-06-29,ETF-MKT,115.96
2023-06-30,ETF-MKT,115.22
2023-07-03,ETF-MKT,116.74
2023-07-04,ETF-MKT,117.85
2023-07-05,ETF-MKT,119.96
2023-07-06,ETF-MKT,120.47
2023-07-07,ETF-MKT,124.59
2023-07-10,ETF-MKT,124.13
2023-07-11,ETF-MKT,122.37
2023-07-12,ETF-MKT,122.24
2023-07-13,ETF-MKT,122.34
2023-07-14,ETF-MKT,119.98
2023-07-17,ETF-MKT,120.15
2023-07-18,ETF-MKT,121.48
2023-07-19,ETF-MKT,119.97
2023-07-20,ETF-MKT,118.17
2023-07-21,ETF-MKT,116.81
2023-07-24,ETF-MKT,117.45
2023-07-25,ETF-MKT,118.76
2023-07-26,ETF-MKT,120.45
2023-07-27,ETF-MKT,121.88
2023-07-28,ETF-MKT,120.12
2023-07-31,ETF-MKT,120.14
2023-08-01,ETF-MKT,119.03
2023-08-02,ETF-MKT,115.87
2023-08-03,ETF-MKT,114.27
2023-08-04,ETF-MKT,113.11
2023-08-07,ETF-MKT,115.3
2023-08-08,ETF-MKT,115.6
2023-08-09,ETF-MKT,113.73
2023-08-10,ETF-MKT,112.59
2023-08-11,ETF-MKT,114.4
2023-08-14,ETF-MKT,114.15
2023-08-15,ETF-MKT,112.12
2023-08-16,ETF-MKT,113.01
2023-08-17,ETF-MKT,114.62
2023-08-18,ETF-MKT,113.19
2023-08-21,ETF-MKT,110.7
2023-08-22,ETF-MKT,109.0
2023-08-23,ETF-MKT,109.96
2023-08-24,ETF-MKT,110.02
2023-08-25,ETF-MKT,107.24
2023-08-28,ETF-MKT,106.74
2023-08-29,ETF-MKT,106.64
2023-08-30,ETF-MKT,107.65
2023-08-31,ETF-MKT,108.64
2023-09-01,ETF-MKT,109.65
2023-09-04,ETF-MKT,107.95
2023-09-05,ETF-MKT,106.72
2023-09-06,ETF-MKT,106.65
2023-09-07,ETF-MKT,107.92
2023-09-08,ETF-MKT,106.8
2023-09-11,ETF-MKT,106.4
2023-09-12,ETF-MKT,108.54
2023-09-13,ETF-MKT,109.18
2023-09-14,ETF-MKT,110.05
2023-09-15,ETF-MKT,110.32
2023-09-18,ETF-MKT,113.77
2023-09-19,ETF-MKT,114.68
2023-09-20,ETF-MKT,114.19
2023-09-21,ETF-MKT,115.93
2023-09-22,ETF-MKT,115.01
2023-09-25,ETF-MKT,114.92
2023-09-26,ETF-MKT,112.1
2023-09-27,ETF-MKT,112.26
2023-09-28,ETF-MKT,112.47
2023-09-29,ETF-MKT,110.78
2023-10-02,ETF-MKT,109.59
2023-10-03,ETF-MKT,108.78
2023-10-04,ETF-MKT,108.77
2023-10-05,ETF-MKT,106.55
2023-10-06,ETF-MKT,106.47
2023-10-09,ETF-MKT,105.82
2023-10-10,ETF-MKT,105.51
2023-10-11,ETF-MKT,105.75
2023-10-12,ETF-MKT,107.08
2023-10-13,ETF-MKT,106.2
2023-10-16,ETF-MKT,103.37
2023-10-17,ETF-MKT,103.17
2023-10-18,ETF-MKT,100.8
2023-10-19,ETF-MKT,99.27
2023-10-20,ETF-MKT,98.3
2023-10-23,ETF-MKT,98.23
2023-10-24,ETF-MKT,96.41
2023-10-25,ETF-MKT,98.32
2023-10-26,ETF-MKT,99.92
2023-10-27,ETF-MKT,97.37
2023-10-30,ETF-MKT,98.24
2023-10-31,ETF-MKT,98.34
2023-11-01,ETF-MKT,99.8
2023-11-02,ETF-MKT,99.52
2023-11-03,ETF-MKT,99.87
2023-11-06,ETF-MKT,99.65
2023-11-07,ETF-MKT,100.54
2023-11-08,ETF-MKT,101.39
2023-11-09,ETF-MKT,101.86
2023-11-10,ETF-MKT,102.91
2023-11-13,ETF-MKT,103.76
2023-11-14,ETF-MKT,105.09
2023-11-15,ETF-MKT,106.27
2023-11-16,ETF-MKT,105.99
2023-11-17,ETF-MKT,106.38
2023-11-20,ETF-MKT,108.96
2023-11-21,ETF-MKT,107.2
2023-11-22,ETF-MKT,106.37
2023-11-23,ETF-MKT,107.88
2023-11-24,ETF-MKT,107.54
2023-11-27,ETF-MKT,108.88
2023-11-28,ETF-MKT,108.66
2023-11-29,ETF-MKT,109.07
2023-11-30,ETF-MKT,109.68
2023-12-01,ETF-MKT,106.02
2023-12-04,ETF-MKT,106.26
2023-12-05,ETF-MKT,104.02
2023-12-06,ETF-MKT,102.36
2023-12-07,ETF-MKT,103.73
2023-12-08,ETF-MKT,101.06
2023-12-11,ETF-MKT,102.76
2023-12-12,ETF-MKT,101.84
2023-12-13,ETF-MKT,101.65
2023-12-14,ETF-MKT,99.74
2023-12-15,ETF-MKT,100.34
2023-12-18,ETF-MKT,100.51
2023-12-19,ETF-MKT,100.1
2023-12-20,ETF-MKT,100.48
2023-12-21,ETF-MKT,102.5
2023-12-22,ETF-MKT,103.73
2023-12-25,ETF-MKT,101.74
2023-12-26,ETF-MKT,101.41
2023-12-27,ETF-MKT,101.79
2023-12-28,ETF-MKT,100.19
2023-12-29,ETF-MKT,101.26
2024-01-01,ETF-MKT,100.26
2024-01-02,ETF-MKT,100.91
2024-01-03,ETF-MKT,100.13
2024-01-04,ETF-MKT,101.95
2024-01-05,ETF-MKT,102.06
2024-01-08,ETF-MKT,104.08
2024-01-09,ETF-MKT,103.22
2024-01-10,ETF-MKT,103.19
2024-01-11,ETF-MKT,101.08
2024-01-12,ETF-MKT,101.26
2024-01-15,ETF-MKT,97.26
2024-01-16,ETF-MKT,97.45
2024-01-17,ETF-MKT,96.49
2024-01-18,ETF-MKT,98.42
2024-01-19,ETF-MKT,96.31
2024-01-22,ETF-MKT,98.59
2024-01-23,ETF-MKT,100.72
2024-01-24,ETF-MKT,102.02
2024-01-25,ETF-MKT,100.43
2024-01-26,ETF-MKT,102.98
2024-01-29,ETF-MKT,103.16
2024-01-30,ETF-MKT,101.62
2024-01-31,ETF-MKT,102.37
2024-02-01,ETF-MKT,99.12
2024-02-02,ETF-MKT,96.14
2024-02-05,ETF-MKT,96.13
2024-02-06,ETF-MKT,96.91
2024-02-07,ETF-MKT,94.27
2024-02-08,ETF-MKT,95.22
2024-02-09,ETF-MKT,96.26
2024-02-12,ETF-MKT,96.23
2024-02-13,ETF-MKT,96.48
2024-02-14,ETF-MKT,96.91
2024-02-15,ETF-MKT,98.36
2024-02-16,ETF-MKT,97.93
2024-02-19,ETF-MKT,97.76
2024-02-20,ETF-MKT,97.11
2024-02-21,ETF-MKT,97.71
2024-02-22,ETF-MKT,99.07
2024-02-23,ETF-MKT,99.55
2024-02-26,ETF-MKT,101.89
2024-02-27,ETF-MKT,101.35
2024-02-28,ETF-MKT,103.1
2024-02-29,ETF-MKT,103.62
2024-03-01,ETF-MKT,102.64
2024-03-04,ETF-MKT,101.03
2024-03-05,ETF-MKT,101.98
2024-03-06,ETF-MKT,103.05
2024-03-07,ETF-MKT,102.11
2024-03-08,ETF-MKT,104.02
2024-03-11,ETF-MKT,106.16
2024-03-12,ETF-MKT,106.09
2024-03-13,ETF-MKT,105.18
2024-03-14,ETF-MKT,101.67
2024-03-15,ETF-MKT,100.08
2024-03-18,ETF-MKT,101.56
2024-03-19,ETF-MKT,97.72
2024-03-20,ETF-MKT,97.67
2024-03-21,ETF-MKT,97.94
2024-03-22,ETF-MKT,96.6
2024-03-25,ETF-MKT,96.6
2024-03-26,ETF-MKT,96.17
2024-03-27,ETF-MKT,95.41
2024-03-28,ETF-MKT,94.69
2024-03-29,ETF-MKT,97.33
2024-04-01,ETF-MKT,95.44
2024-04-02,ETF-MKT,95.07
2024-04-03,ETF-MKT,95.23
2024-04-04,ETF-MKT,95.84
2024-04-05,ETF-MKT,98.42
2024-04-08,ETF-MKT,99.41
2024-04-09,ETF-MKT,101.2
2024-04-10,ETF-MKT,100.88
2024-04-11,ETF-MKT,101.2
2024-04-12,ETF-MKT,101.32
2024-04-15,ETF-MKT,102.97
2024-04-16,ETF-MKT,103.34
2024-04-17,ETF-MKT,102.67
2024-04-18,ETF-MKT,101.75
2024-04-19,ETF-MKT,100.13
2024-04-22,ETF-MKT,99.37
2024-04-23,ETF-MKT,97.66
2024-04-24,ETF-MKT,98.46
2024-04-25,ETF-MKT,98.71
2024-04-26,ETF-MKT,96.97
2024-04-29,ETF-MKT,98.23
2024-04-30,ETF-MKT,98.88
2024-05-01,ETF-MKT,98.38
2024-05-02,ETF-MKT,95.77
2024-05-03,ETF-MKT,95.24
2024-05-06,ETF-MKT,97.16
2024-05-07,ETF-MKT,97.66
2024-05-08,ETF-MKT,100.1
2024-05-09,ETF-MKT,101.63
2024-05-10,ETF-MKT,101.93
2024-05-13,ETF-MKT,103.98
2024-05-14,ETF-MKT,103.0
2024-05-15,ETF-MKT,102.72
2024-05-16,ETF-MKT,103.54
2024-05-17,ETF-MKT,103.29
2024-05-20,ETF-MKT,103.79
2024-05-21,ETF-MKT,102.39
2024-05-22,ETF-MKT,100.97
2024-05-23,ETF-MKT,101.75
2024-05-24,ETF-MKT,102.58
2024-05-27,ETF-MKT,103.61
2024-05-28,ETF-MKT,104.69
2024-05-29,ETF-MKT,106.48
2024-05-30,ETF-MKT,109.88
2024-05-31,ETF-MKT,107.95
2024-06-03,ETF-MKT,111.84
2024-06-04,ETF-MKT,111.0
2024-06-05,ETF-MKT,112.07
2024-06-06,ETF-MKT,112.42
2024-06-07,ETF-MKT,112.62
2024-06-10,ETF-MKT,112.54
2024-06-11,ETF-MKT,112.67
2024-06-12,ETF-MKT,118.37
2024-06-13,ETF-MKT,120.25
2024-06-14,ETF-MKT,120.8
2024-06-17,ETF-MKT,123.79
2024-06-18,ETF-MKT,123.09
2024-06-19,ETF-MKT,122.7
2024-06-20,ETF-MKT,122.82
2024-06-21,ETF-MKT,123.41
2024-06-24,ETF-MKT,122.94
2024-06-25,ETF-MKT,121.5
2024-06-26,ETF-MKT,124.3
2024-06-27,ETF-MKT,122.76
2024-06-28,ETF-MKT,124.46
2024-07-01,ETF-MKT,121.76
2024-07-02,ETF-MKT,120.76
2024-07-03,ETF-MKT,121.67
2024-07-04,ETF-MKT,124.51
2024-07-05,ETF-MKT,125.43
2024-07-08,ETF-MKT,128.38
2024-07-09,ETF-MKT,128.34
2024-07-10,ETF-MKT,127.64
2024-07-11,ETF-MKT,129.54
2024-07-12,ETF-MKT,128.48
2024-07-15,ETF-MKT,134.51
2024-07-16,ETF-MKT,133.44
2024-07-17,ETF-MKT,134.83
2024-07-18,ETF-MKT,131.57
2024-07-19,ETF-MKT,130.4
2024-07-22,ETF-MKT,130.39
2024-07-23,ETF-MKT,129.8
2024-07-24,ETF-MKT,123.59
2024-07-25,ETF-MKT,124.17
2024-07-26,ETF-MKT,126.52
2024-07-29,ETF-MKT,126.56
2024-07-30,ETF-MKT,125.33
2024-07-31,ETF-MKT,129.0
2024-08-01,ETF-MKT,132.69
2024-08-02,ETF-MKT,130.75
2024-08-05,ETF-MKT,132.12
2024-08-06,ETF-MKT,132.66
2024-08-07,ETF-MKT,135.14
2024-08-08,ETF-MKT,133.79
2024-08-09,ETF-MKT,133.67
2024-08-12,ETF-MKT,135.44
2024-08-13,ETF-MKT,131.81
2024-08-14,ETF-MKT,131.24
2024-08-15,ETF-MKT,132.78
2024-08-16,ETF-MKT,130.99
2024-08-19,ETF-MKT,130.69
2024-08-20,ETF-MKT,131.94
2024-08-21,ETF-MKT,133.0
2024-08-22,ETF-MKT,133.32
2024-08-23,ETF-MKT,130.83
2024-08-26,ETF-MKT,129.23
2024-08-27,ETF-MKT,130.41
2024-08-28,ETF-MKT,130.4
2024-08-29,ETF-MKT,131.67
2024-08-30,ETF-MKT,133.59
2024-09-02,ETF-MKT,133.62
2024-09-03,ETF-MKT,134.61
2024-09-04,ETF-MKT,135.89
2024-09-05,ETF-MKT,135.75
2024-09-06,ETF-MKT,133.87
2024-09-09,ETF-MKT,132.96
2024-09-10,ETF-MKT,137.21
2024-09-11,ETF-MKT,138.81
2024-09-12,ETF-MKT,141.73
2024-09-13,ETF-MKT,141.85
2024-09-16,ETF-MKT,140.5
2024-09-17,ETF-MKT,140.46
2024-09-18,ETF-MKT,142.45
2024-09-19,ETF-MKT,145.33
2024-09-20,ETF-MKT,145.95
2024-09-23,ETF-MKT,144.74
2024-09-24,ETF-MKT,143.32
2024-09-25,ETF-MKT,145.04
2024-09-26,ETF-MKT,142.12
2024-09-27,ETF-MKT,140.58
2024-09-30,ETF-MKT,139.98
2024-10-01,ETF-MKT,141.78
2024-10-02,ETF-MKT,139.51
2024-10-03,ETF-MKT,139.63
2024-10-04,ETF-MKT,137.02
2024-10-07,ETF-MKT,137.94
2024-10-08,ETF-MKT,138.13
2024-10-09,ETF-MKT,135.78
2024-10-10,ETF-MKT,135.29
2024-10-11,ETF-MKT,133.2
2024-10-14,ETF-MKT,134.29
2024-10-15,ETF-MKT,132.95
2024-10-16,ETF-MKT,129.65
2024-10-17,ETF-MKT,127.62
2024-10-18,ETF-MKT,127.26
2024-10-21,ETF-MKT,126.07
2024-10-22,ETF-MKT,127.87
2024-10-23,ETF-MKT,129.58
2024-10-24,ETF-MKT,131.57
2024-10-25,ETF-MKT,133.02
2024-10-28,ETF-MKT,131.97
2024-10-29,ETF-MKT,130.92
2024-10-30,ETF-MKT,131.62
2024-10-31,ETF-MKT,131.2
2024-11-01,ETF-MKT,133.14
2024-11-04,ETF-MKT,133.04
2024-11-05,ETF-MKT,131.28
2024-11-06,ETF-MKT,132.71
2024-11-07,ETF-MKT,131.96
2024-11-08,ETF-MKT,130.27
2024-11-11,ETF-MKT,129.8
2024-11-12,ETF-MKT,127.74
2024-11-13,ETF-MKT,128.36
2024-11-14,ETF-MKT,128.62
2024-11-15,ETF-MKT,127.72
2024-11-18,ETF-MKT,126.6
2024-11-19,ETF-MKT,125.67
2024-11-20,ETF-MKT,126.9
2024-11-21,ETF-MKT,126.9
2024-11-22,ETF-MKT,128.0
2024-11-25,ETF-MKT,128.92
2024-11-26,ETF-MKT,128.93
2024-11-27,ETF-MKT,131.94
2024-11-28,ETF-MKT,130.51
2024-11-29,ETF-MKT,131.6
2024-12-02,ETF-MKT,129.78
2024-12-03,ETF-MKT,130.63
2024-12-04,ETF-MKT,129.29
2024-12-05,ETF-MKT,132.06
2024-12-06,ETF-MKT,134.91
2024-12-09,ETF-MKT,136.58
2024-12-10,ETF-MKT,136.4
2024-12-11,ETF-MKT,136.65
2024-12-12,ETF-MKT,136.89
2024-12-13,ETF-MKT,136.74
2024-12-16,ETF-MKT,139.58
2024-12-17,ETF-MKT,141.84
2024-12-18,ETF-MKT,140.1
2024-12-19,ETF-MKT,138.82
2024-12-20,ETF-MKT,139.06
2024-12-23,ETF-MKT,138.17
2024-12-24,ETF-MKT,137.63
2024-12-25,ETF-MKT,139.64
2024-12-26,ETF-MKT,139.49
2024-12-27,ETF-MKT,138.27
2024-12-30,ETF-MKT,137.53
2024-12-31,ETF-MKT,139.94
